slug,current_source,confidence,suggested_source,rationale
achyutashtakam,Traditional Vaishnavite Literature,medium,Traditional Vaishnavite Literature,
aditya-hridayam,Valmiki Ramayana - Yuddha Kanda,high,Valmiki Ramayana - Yuddha Kanda,OK for Ramayana stotras
aditya-kavacham,Bhavishya Purana,medium,Bhavishya Purana,
aditya-stotram,Puranic Compilation,medium,Puranic Compilation,
agni-ashtakam,Agni Purana,medium,Agni Purana,
agni-chalisa,Vedic Agni Worship Tradition (Rig Veda / Yajur Veda),medium,Vedic Agni Worship Tradition (Rig Veda / Yajur Veda),
agni-dwadash-nama,Rig Veda,medium,Rig Veda,
agni-gayatri,Rig Veda,medium,Rig Veda,
agni-kavacham,Agni Purana,medium,Agni Purana,
agni-stotram,Rig Veda,medium,Rig Veda,
agni-suktam,"Rigveda (Mandala 1, Sukta 1)",high,"Rigveda (Mandala 1, Sukta 1)",OK Vedic
ahoi-ashtami-vrat-katha,Traditional Folk Katha,medium,Traditional Folk Katha,
akrura-stuti,Shrimad Bhagavata Purana 10.40,high,Shrimad Bhagavata Purana 10.40,OK for Vaishnava stotras from SB
amba-stuti,Markandeya Purana (Durga Saptashati tradition),medium,Markandeya Purana (Durga Saptashati tradition),
ambika-ashtakam,Devi Purana,medium,Devi Purana,
ananda-lahari,Ananda Lahari (Saundarya Lahari Part 1) — Adi Shankaracharya,high,Ananda Lahari (Saundarya Lahari Part 1) — Adi Shankaracharya,OK for Shankara compositions
ananthashayana-stotram,Vishnu Purana,high,Vishnu Purana,OK
anjaneya-dandakam,Traditional (South Indian Tradition),medium,Traditional (South Indian Tradition),
anjaneya-stotram,Traditional Hanuman Literature,medium,Traditional Hanuman Literature,
annapurna-ashtakam,Adi Shankaracharya,high,Adi Shankaracharya,OK for Shankara compositions
annapurna-chalisa,Folk Tradition,medium,Folk Tradition,
annapurna-stotram-shankaracharya,Adi Shankaracharya,high,Adi Shankaracharya,OK for Shankara compositions
annapurna-stotram,Composed by Adi Shankaracharya,high,Composed by Adi Shankaracharya,OK for Shankara compositions
apah-suktam,"Rigveda (Mandala 10, Sukta 9)",high,"Rigveda (Mandala 10, Sukta 9)",OK Vedic
aparajita-stotram,Markandeya Purana,medium,Markandeya Purana,
ardhanareeshwara-stotram,Composed by Adi Shankaracharya,high,Composed by Adi Shankaracharya,OK for Shankara compositions
argala-stotram,Durga Saptashati (Markandeya Purana),medium,Durga Saptashati (Markandeya Purana),
arogya-suktam,Rigveda and Yajurveda - Vedic Compilation,high,Rigveda and Yajurveda - Vedic Compilation,OK Vedic
ashta-bhairava-stotram,Rudrayamala Tantra,medium,Rudrayamala Tantra,
ashta-dikpalaka-stotram,Vastu Shastra and Matsya Purana,medium,Vastu Shastra and Matsya Purana,
ashta-lakshmi-dhyanam,Traditional,low,"Traditional, precise source uncertain",Generic placeholder
ashta-lakshmi-kavacham,Traditional,low,"Traditional, precise source uncertain",Generic placeholder
ashtalakshmi-stotram,Traditional,low,"Traditional, precise source uncertain",Generic placeholder
ashtavakra-gita-key-verses,Ashtavakra Gita,medium,Ashtavakra Gita,
ashtavinayak-stotram,Maharashtra Tradition,medium,Maharashtra Tradition,
ashwattha-stotram,"Padma Purana, Bhagavad Gita (10.26, 15.1)",high,"Padma Purana, Bhagavad Gita (10.26, 15.1)",OK
ashwini-kumara-stotram,Rigveda / Puranic Compilation,high,Rigveda / Puranic Compilation,OK Vedic
atma-bodha,Atma Bodha — Adi Shankaracharya,high,Atma Bodha — Adi Shankaracharya,OK for Shankara compositions
avadhuta-gita-key-verses,Avadhuta Gita of Dattatreya,medium,Avadhuta Gita of Dattatreya,
avadhuta-stotram,Dattatreya Tradition,medium,Dattatreya Tradition,
ayodhya-stotram,Traditional Rama Literature,medium,Traditional Rama Literature,
ayushya-suktam,Rigveda / Taittiriya Aranyaka,high,Rigveda / Taittiriya Aranyaka,OK Vedic
ayyappa-aarti,Sabarimala Ayyappa Tradition (Kerala),medium,Sabarimala Ayyappa Tradition (Kerala),
ayyappa-ashtakam,Dharma Shastra Sangrah,medium,Dharma Shastra Sangrah,
ayyappa-ashtottara-shatanamavali,Bhuta Natha Upakhyana,medium,Bhuta Natha Upakhyana,
ayyappa-chalisa,Ayyappa Bhakti Tradition,medium,Ayyappa Bhakti Tradition,
ayyappa-dwadash-nama,Dharma Shasta Purana,medium,Dharma Shasta Purana,
ayyappa-gayatri,Kerala Tantra Tradition,medium,Kerala Tantra Tradition,
ayyappa-kavacham,Shasta Tantra,medium,Shasta Tantra,
ayyappa-pancharatnam,Shasta Purana,medium,Shasta Purana,
ayyappa-sahasranama,Dharma Shastra Purana,medium,Dharma Shastra Purana,
ayyappa-stotram,Traditional Sanskrit Hymn,medium,Traditional Sanskrit Hymn,
badrinath-aarti,Traditional Aarti Sangrah - Badrinath Temple,medium,Traditional Aarti Sangrah - Badrinath Temple,
badrinath-stotram,Vishnu Purana,high,Vishnu Purana,OK
baglamukhi-kavacham,Tantrasara,medium,Tantrasara,
baglamukhi-stotram,Tantrasara,medium,Tantrasara,
bajrang-baan,Tulsidas - Traditional,medium,Tulsidas - Traditional,
bala-mukundashtakam,Traditional Vaishnavite Stotra,medium,Traditional Vaishnavite Stotra,
balakrishna-ashtakam,Vaishnava Traditional Literature,medium,Vaishnava Traditional Literature,
banke-bihari-aarti,Vrindavan Banke Bihari Temple Tradition,medium,Vrindavan Banke Bihari Temple Tradition,
batuk-bhairav-stotram,Rudrayamala Tantra,medium,Rudrayamala Tantra,
bhagavad-gita-chapter-1,Bhagavad Gita - Mahabharata,high,Bhagavad Gita - Mahabharata,OK
bhagavad-gita-chapter-10,Bhagavad Gita - Mahabharata,high,Bhagavad Gita - Mahabharata,OK
bhagavad-gita-chapter-11,Bhagavad Gita - Mahabharata,high,Bhagavad Gita - Mahabharata,OK
bhagavad-gita-chapter-12,Bhagavad Gita - Mahabharata,high,Bhagavad Gita - Mahabharata,OK
bhagavad-gita-chapter-13,Bhagavad Gita - Mahabharata,high,Bhagavad Gita - Mahabharata,OK
bhagavad-gita-chapter-14,Bhagavad Gita - Mahabharata,high,Bhagavad Gita - Mahabharata,OK
bhagavad-gita-chapter-15,Bhagavad Gita - Mahabharata,high,Bhagavad Gita - Mahabharata,OK
bhagavad-gita-chapter-16,Bhagavad Gita - Mahabharata,high,Bhagavad Gita - Mahabharata,OK
bhagavad-gita-chapter-17,Bhagavad Gita - Mahabharata,high,Bhagavad Gita - Mahabharata,OK
bhagavad-gita-chapter-18,Bhagavad Gita - Mahabharata,high,Bhagavad Gita - Mahabharata,OK
bhagavad-gita-chapter-2,Bhagavad Gita - Mahabharata,high,Bhagavad Gita - Mahabharata,OK
bhagavad-gita-chapter-3,Bhagavad Gita - Mahabharata,high,Bhagavad Gita - Mahabharata,OK
bhagavad-gita-chapter-4,Bhagavad Gita - Mahabharata,high,Bhagavad Gita - Mahabharata,OK
bhagavad-gita-chapter-5,Bhagavad Gita - Mahabharata,high,Bhagavad Gita - Mahabharata,OK
bhagavad-gita-chapter-6,Bhagavad Gita - Mahabharata,high,Bhagavad Gita - Mahabharata,OK
bhagavad-gita-chapter-7,Bhagavad Gita - Mahabharata,high,Bhagavad Gita - Mahabharata,OK
bhagavad-gita-chapter-8,Bhagavad Gita - Mahabharata,high,Bhagavad Gita - Mahabharata,OK
bhagavad-gita-chapter-9,Bhagavad Gita - Mahabharata,high,Bhagavad Gita - Mahabharata,OK
bhagavad-gita-dhyana-shloka,Gita Mahatmya (Padma Purana),high,Gita Mahatmya (Padma Purana),OK
bhagavad-gita-dhyanam,Bhagavad Gita,medium,Bhagavad Gita,
bhagavad-gita-mahatmya,Padma Purana - Uttara Khanda,high,Padma Purana - Uttara Khanda,OK
bhagya-suktam,Rigveda (7.41),high,Rigveda (7.41),OK Vedic
bhairav-aarti,Traditional Aarti Sangrah,medium,Classical Parasari tradition,Aarti collections often compilations with uncertain individual provenance
bhairav-chalisa,Traditional Chalisa Sangrah,medium,Traditional Chalisa Sangrah,
bhairav-kavacham,Rudrayamala Tantra,medium,Rudrayamala Tantra,
bhairava-dwadash-nama,Shiva Purana,high,Shiva Purana,OK for Shiva stotras from Shiva Purana
bhairava-gayatri,Rudrayamala Tantra,medium,Rudrayamala Tantra,
bhairava-hridayam,Rudra Yamala Tantra,medium,Rudra Yamala Tantra,
bhairava-sahasranama,Rudra Yamala Tantra,medium,Rudra Yamala Tantra,
bhairava-stotram,Rudra Yamala Tantra,medium,Rudra Yamala Tantra,
bhaja-govindam,Adi Shankaracharya,high,Adi Shankaracharya,OK for Shankara compositions
bhasma-jabala-upanishad-key-mantras,Bhasma Jabala Upanishad (Atharvaveda),high,Bhasma Jabala Upanishad (Atharvaveda),OK Vedic
bhavani-ashtakam,Composed by Adi Shankaracharya,high,Composed by Adi Shankaracharya,OK for Shankara compositions
bhaya-nivaran-stotram,Narasimha Purana - Traditional,medium,Narasimha Purana - Traditional,
bhimashankar-stotram,Shiva Purana,high,Shiva Purana,OK for Shiva stotras from Shiva Purana
bhishma-stuti,"Shrimad Bhagavata Purana, Canto 1, Chapter 9",high,"Shrimad Bhagavata Purana, Canto 1, Chapter 9",OK for Vaishnava stotras from SB
bhojan-mantra,"Bhagavad Gita (4.24), Taittiriya Upanishad",medium,"Bhagavad Gita (4.24), Taittiriya Upanishad",
bhuvaneshwari-stotram,Tantrasara,medium,Tantrasara,
bhuvaneswari-kavacham,Devi Bhagavata Purana,high,Devi Bhagavata Purana,OK for Devi stotras
bhuvaneswari-stotram,Todala Tantra,medium,Todala Tantra,
bilvarchana-stotram,Shiva Rahasya - Traditional,medium,Shiva Rahasya - Traditional,
bilvashtakam,Traditional Sanskrit Hymn,medium,Traditional Sanskrit Hymn,
brahma-ashtakam,Brahma Purana,medium,Brahma Purana,
brahma-chalisa,Traditional Chalisa Sangrah,medium,Traditional Chalisa Sangrah,
brahma-dwadash-nama,Brahma Purana,medium,Brahma Purana,
brahma-gayatri,Vedic Tradition,medium,Vedic Tradition,
brahma-kavacham,Brahma Purana,medium,Brahma Purana,
brahma-murari-stotram,Traditional Morning Prayer,medium,Traditional Morning Prayer,
brahma-sahasranama,Brahma Purana,medium,Brahma Purana,
brahma-stotram,Brahma Purana / Vedic Tradition,medium,Brahma Purana / Vedic Tradition,
brahma-stuti-bhagavatam,Shrimad Bhagavata Purana 3.9,high,Shrimad Bhagavata Purana 3.9,OK for Vaishnava stotras from SB
brahma-stuti-vedic,Rig Veda 10.121,medium,Rig Veda 10.121,
brahmacharini-stotram,Traditional (Navdurga Stotras),medium,Traditional (Navdurga Stotras),
budh-kavacham,Graha Stotra Sangraha,medium,Graha Stotra Sangraha,
budh-sahasranama,Skanda Purana,high,Skanda Purana,OK
budh-stotra,Skanda Purana,high,Skanda Purana,OK
budha-stotram,Purana Tradition,medium,Purana Tradition,
budhvar-vrat-katha,Ganesha Purana,medium,Ganesha Purana,
chamakam,Krishna Yajurveda - Taittiriya Samhita (4.7),high,Krishna Yajurveda - Taittiriya Samhita (4.7),OK Vedic
chamunda-stuti,Devi Mahatmyam (Traditional),medium,Devi Mahatmyam (Traditional),
chandi-hridayam,Markandeya Purana (Chandi Path),medium,Markandeya Purana (Chandi Path),
chandi-kavacham,Markandeya Purana (Chandi Path / Durga Saptashati),medium,Markandeya Purana (Chandi Path / Durga Saptashati),
chandi-path-navarna-vidhi,Durga Saptashati / Markandeya Purana,medium,Durga Saptashati / Markandeya Purana,
chandi-stotram,Markandeya Purana (Chandi Path),medium,Markandeya Purana (Chandi Path),
chandra-dosh-nivaran-stotram,Graha Shanti Vidhi,medium,Graha Shanti Vidhi,
chandra-kavacham,Graha Stotra Sangraha,medium,Graha Stotra Sangraha,
chandra-sahasranama,Skanda Purana,high,Skanda Purana,OK
chandra-stotra,Skanda Purana,high,Skanda Purana,OK
chandra-stotram,Purana Tradition,medium,Purana Tradition,
chandraghanta-stotram,Traditional (Navdurga Stotras),medium,Traditional (Navdurga Stotras),
chandrashekhar-ashtakam,Composed by Markandeya Rishi,medium,Composed by Markandeya Rishi,
chardham-stotram,Purana Tradition,medium,Purana Tradition,
chatuh-shloki-bhagavatam,"Shrimad Bhagavata Purana, Canto 2, Chapter 9",high,"Shrimad Bhagavata Purana, Canto 2, Chapter 9",OK for Vaishnava stotras from SB
chhath-puja-stotram,Chhath Puja Tradition / Bhojpuri-Sanskrit Folk Compilation,medium,Chhath Puja Tradition / Bhojpuri-Sanskrit Folk Compilation,
chhath-puja-vidhi,Chhath Parampara (Bihar/Purvanchal Tradition),medium,Chhath Parampara (Bihar/Purvanchal Tradition),
chhath-puja-vrat-katha,Padma Purana,high,Padma Purana,OK
chinnamasta-kavacham,Shakta Pramoda,medium,Shakta Pramoda,
chinnamasta-stotram,Tantrasara,medium,Tantrasara,
dakshina-kali-dhyanam,Todala Tantra / Kali Tantra,medium,Todala Tantra / Kali Tantra,
dakshina-kali-stotram,Kalika Purana,medium,Kalika Purana,
dakshinamurthy-pancharatnam,Adi Shankaracharya,high,Adi Shankaracharya,OK for Shankara compositions
dakshinamurthy-stotram,Adi Shankaracharya,high,Adi Shankaracharya,OK for Shankara compositions
damodarashtakam,Padma Purana,high,Padma Purana,OK
daridrya-dahana-shiva-stotram,Traditional Sanskrit Hymn (attributed to Vaishampayan Rishi),medium,Traditional Sanskrit Hymn (attributed to Vaishampayan Rishi),
dasha-mahavidya-stotram,Tantra Shastra,medium,Tantra Shastra,
dasha-shloki,Dasha Shloki — Adi Shankaracharya,high,Dasha Shloki — Adi Shankaracharya,OK for Shankara compositions
dashavatara-dhyanam,Bhagavata Purana / Traditional,high,Bhagavata Purana / Traditional,OK for Vaishnava stotras from SB
dashavatara-stotram,Gita Govinda by Jayadeva (12th Century),medium,Gita Govinda by Jayadeva (12th Century),
datta-bavani,Traditional Dattatreya Devotional Literature,medium,Traditional Dattatreya Devotional Literature,
datta-stuti,Datta Sampradaya Tradition,medium,Datta Sampradaya Tradition,
dattatreya-aarti,Datta Sampradaya (Marathi tradition),medium,Datta Sampradaya (Marathi tradition),
dattatreya-ashtakam,Traditional,low,"Traditional, precise source uncertain",Generic placeholder
dattatreya-ashtottara-shatanamavali,Dattatreya Tantra,medium,Dattatreya Tantra,
dattatreya-chalisa,Traditional Chalisa Sangrah,medium,Traditional Chalisa Sangrah,
dattatreya-dhyanam,Dattatreya Upanishad / Guru Charitra,medium,Dattatreya Upanishad / Guru Charitra,
dattatreya-dwadash-nama,Dattatreya Purana,medium,Dattatreya Purana,
dattatreya-gayatri,Traditional,low,"Traditional, precise source uncertain",Generic placeholder
dattatreya-hridayam,Dattatreya Tantra,medium,Dattatreya Tantra,
dattatreya-kavacham,Narada Purana,medium,Narada Purana,
dattatreya-mangalashtakam,Dattatreya Tantra,medium,Dattatreya Tantra,
dattatreya-pancharatnam,Dattatreya Tantra,medium,Dattatreya Tantra,
dattatreya-sahasranama,Markandeya Purana,medium,Markandeya Purana,
dattatreya-stotram,Narada Purana,medium,Narada Purana,
dattatreya-upanishad-key-verses,Dattatreya Upanishad,medium,Dattatreya Upanishad,
dayashatakam-key-verses,Vedanta Deshika - Dayashatakam,medium,Vedanta Deshika - Dayashatakam,
deepa-jyoti-stotram,"Skanda Purana, Brihadaranyaka Upanishad",high,"Skanda Purana, Brihadaranyaka Upanishad",OK
dev-uthani-ekadashi-katha,Padma Purana,high,Padma Purana,OK
devaki-stuti,Shrimad Bhagavata Purana 10.3,high,Shrimad Bhagavata Purana 10.3,OK for Vaishnava stotras from SB
devi-aparadha-kshamapana-stotram,Composed by Adi Shankaracharya,high,Composed by Adi Shankaracharya,OK for Shankara compositions
devi-atharvashirsha,Atharva Veda (Upanishad),medium,Atharva Veda (Upanishad),
devi-bhujanga-stotram,Devi Bhujanga Stotram — Adi Shankaracharya,high,Devi Bhujanga Stotram — Adi Shankaracharya,OK for Shankara compositions
devi-chatushashti-upachara,Devi Bhagavata Purana,high,Devi Bhagavata Purana,OK for Devi stotras
devi-hridayam,Atharvana tradition / Bhargava Rishi,medium,Atharvana tradition / Bhargava Rishi,
devi-kavacham,Devi Mahatmyam (Markandeya Purana),medium,Devi Mahatmyam (Markandeya Purana),
devi-khadgamala-stotram,Sri Vidya Tantra Tradition (Vamakeshvara Tantra),medium,Sri Vidya Tantra Tradition (Vamakeshvara Tantra),
devi-mahatmya-siddha-kunjika,Rudra Yamala Tantra / Devi Mahatmya,medium,Rudra Yamala Tantra / Devi Mahatmya,
devi-mahatmyam-madhyama-charitra,Markandeya Purana (Devi Mahatmyam / Durga Saptashati),medium,Markandeya Purana (Devi Mahatmyam / Durga Saptashati),
devi-mahatmyam-prathama-charitra,Markandeya Purana (Devi Mahatmyam / Durga Saptashati),medium,Markandeya Purana (Devi Mahatmyam / Durga Saptashati),
devi-mahatmyam-uttama-charitra,Markandeya Purana (Devi Mahatmyam / Durga Saptashati),medium,Markandeya Purana (Devi Mahatmyam / Durga Saptashati),
devi-stuti,Devi Mahatmyam (Markandeya Purana),medium,Devi Mahatmyam (Markandeya Purana),
devi-suktam,Rigveda (10.125),high,Rigveda (10.125),OK Vedic
dhanalakshmi-stotram,Traditional,low,"Traditional, precise source uncertain",Generic placeholder
dhanteras-katha,Samudra Manthan - Puranic Tradition,medium,Samudra Manthan - Puranic Tradition,
dhanteras-puja-stotram,Traditional Puja Literature,medium,Traditional Puja Literature,
dhanvantari-ashtakam,Bhagavata Purana,high,Bhagavata Purana,OK for Vaishnava stotras from SB
dhanvantari-chalisa,Traditional Chalisa Sangrah,medium,Traditional Chalisa Sangrah,
dhanvantari-dwadash-nama,Bhagavata Purana,high,Bhagavata Purana,OK for Vaishnava stotras from SB
dhanvantari-gayatri,Ayurveda Tradition,medium,Ayurveda Tradition,
dhanvantari-hridayam,Agni Purana / Ayurvedic Tradition,medium,Agni Purana / Ayurvedic Tradition,
dhanvantari-kavacham,Agni Purana,medium,Agni Purana,
dhanvantari-mantra,Bhagavata Purana / Ayurvedic Tradition,high,Bhagavata Purana / Ayurvedic Tradition,OK for Vaishnava stotras from SB
dhanvantari-sahasranama,Agni Purana / Ayurvedic Tradition,medium,Agni Purana / Ayurvedic Tradition,
dhanvantari-stotram,Traditional Sanskrit Hymn,medium,Traditional Sanskrit Hymn,
dharma-stuti,Mahabharata and Manu Smriti,high,Mahabharata and Manu Smriti,OK
dhruva-stuti,"Shrimad Bhagavata Purana, Canto 4, Chapter 9",high,"Shrimad Bhagavata Purana, Canto 4, Chapter 9",OK for Vaishnava stotras from SB
dhumavati-kavacham,Shakta Pramoda,medium,Shakta Pramoda,
dhumavati-stotram,Tantrasara,medium,Tantrasara,
diwali-vrat-katha,Skanda Purana - Traditional,high,Skanda Purana - Traditional,OK
dnyaneshwari-pasaydan,Sant Dnyaneshwar - Dnyaneshwari (Chapter 18),medium,Sant Dnyaneshwar - Dnyaneshwari (Chapter 18),
dohavali-key-dohe,Dohavali - Goswami Tulsidas,medium,Dohavali - Goswami Tulsidas,
durga-aarti,Traditional Aarti Sangrah,medium,Classical Parasari tradition,Aarti collections often compilations with uncertain individual provenance
durga-ashtakam,Devi Mahatmyam (Markandeya Purana),medium,Devi Mahatmyam (Markandeya Purana),
durga-ashtottara-shatanamavali,Durga Saptashati / Markandeya Purana,medium,Durga Saptashati / Markandeya Purana,
durga-chalisa,Traditional,low,"Traditional, precise source uncertain",Generic placeholder
durga-dvatrinsha-naamamala,Devi Mahatmyam (Markandeya Purana),medium,Devi Mahatmyam (Markandeya Purana),
durga-dwadash-nama,Devi Bhagavata Purana,high,Devi Bhagavata Purana,OK for Devi stotras
durga-gayatri,Durga Saptashati / Markandeya Purana,medium,Durga Saptashati / Markandeya Purana,
durga-hridayam,Markandeya Purana,medium,Markandeya Purana,
durga-kavach,Durga Saptashati (Markandeya Purana),medium,Durga Saptashati (Markandeya Purana),
durga-mangalashtakam,Durga Saptashati tradition,medium,Durga Saptashati tradition,
durga-nav-shloki,Markandeya Purana / Devi Mahatmya,medium,Markandeya Purana / Devi Mahatmya,
durga-pancha-ratnam,Devi Mahatmya,medium,Devi Mahatmya,
durga-pancharatnam,Markandeya Purana,medium,Markandeya Purana,
durga-sahasranama-stotram,Skanda Purana,high,Skanda Purana,OK
durga-sahasranama,Markandeya Purana,medium,Markandeya Purana,
durga-saptashloki,Durga Saptashati (Markandeya Purana),medium,Durga Saptashati (Markandeya Purana),
durga-stuti-arjuna,Mahabharata (Bhishma Parva),high,Mahabharata (Bhishma Parva),OK
durga-stuti-chaman-lal,Durga Saptashati / Markandeya Purana,medium,Durga Saptashati / Markandeya Purana,
durga-suktam,Taittiriya Aranyaka (4.10) - Mahanarayana Upanishad,medium,Taittiriya Aranyaka (4.10) - Mahanarayana Upanishad,
dussehra-stotram,Valmiki Ramayana / Vijayadashami Tradition,high,Valmiki Ramayana / Vijayadashami Tradition,OK for Ramayana stotras
dwadash-aditya-stotram,Puranic Compilation,medium,Puranic Compilation,
dwadash-stotra-madhva,Dwadash Stotra (Shri Madhvacharya),medium,Dwadash Stotra (Shri Madhvacharya),
dwadasha-jyotirlinga-stotram,Shiva Purana,high,Shiva Purana,OK for Shiva stotras from Shiva Purana
dwarkadhish-aarti,Traditional (Dwarkadhish Temple),medium,Traditional (Dwarkadhish Temple),
dwarkadhish-stotram,Bhagavata Purana,high,Bhagavata Purana,OK for Vaishnava stotras from SB
eka-shloki,Eka Shloki — Adi Shankaracharya,high,Eka Shloki — Adi Shankaracharya,OK for Shankara compositions
ekadasha-rudra-stotram,Shiva Purana / Rudra tradition,high,Shiva Purana / Rudra tradition,OK for Shiva stotras from Shiva Purana
ekadashi-mahatmya-shloka,Padma Purana / Vishnu Purana,high,Padma Purana / Vishnu Purana,OK
ekadashi-mahatmya,Padma Purana - Uttara Khanda,high,Padma Purana - Uttara Khanda,OK
ekadashi-vrat-katha,Padma Purana,high,Padma Purana,OK
gajendra-moksha-stotram,"Shrimad Bhagavata Purana, Canto 8",high,"Shrimad Bhagavata Purana, Canto 8",OK for Vaishnava stotras from SB
ganesh-aarti,Traditional Aarti Sangrah,medium,Classical Parasari tradition,Aarti collections often compilations with uncertain individual provenance
ganesh-ashtottara-shatanamavali,Ganesha Purana,medium,Ganesha Purana,
ganesh-atharvashirsha,Atharvaveda,high,Atharvaveda,OK Vedic
ganesh-bajrang,Traditional / Lok Parampara,medium,Traditional / Lok Parampara,
ganesh-bhujanga-stotram,Ganesh Bhujanga Stotram — Adi Shankaracharya,high,Ganesh Bhujanga Stotram — Adi Shankaracharya,OK for Shankara compositions
ganesh-chalisa,Traditional / Lok Parampara,medium,Traditional / Lok Parampara,
ganesh-chaturthi-vrat-katha,Ganesha Purana,medium,Ganesha Purana,
ganesh-dwadash-nama,Mudgala Purana,medium,Mudgala Purana,
ganesh-kavacham,Ganesha Purana,medium,Ganesha Purana,
ganesh-pancharatnam,Adi Shankaracharya Virachit,high,Adi Shankaracharya Virachit,OK for Shankara compositions
ganesh-sahasranama,Ganesha Purana,medium,Ganesha Purana,
ganesh-stotram,Puranic Compilation,medium,Puranic Compilation,
ganesha-ashtottara-shatanamavali,Ganesha Purana,medium,Ganesha Purana,
ganesha-gayatri,Ganapati Atharvashirsha / Rig Veda tradition,high,Ganapati Atharvashirsha / Rig Veda tradition,OK Upanishad
ganesha-hridayam,Purana Tradition,medium,Purana Tradition,
ganesha-maha-mantra,Ganesh Atharvashirsha / Mudgala Purana,medium,Ganesh Atharvashirsha / Mudgala Purana,
ganesha-mangala-stotram,Traditional,low,"Traditional, precise source uncertain",Generic placeholder
ganesha-mangalashtakam,Purana Tradition,medium,Purana Tradition,
ganesha-pancharatnam,Adi Shankaracharya,high,Adi Shankaracharya,OK for Shankara compositions
ganesha-stuti-mudgala-purana,Mudgala Purana,medium,Mudgala Purana,
ganga-aarti,Traditional Aarti Sangrah,medium,Classical Parasari tradition,Aarti collections often compilations with uncertain individual provenance
ganga-ashtakam,Traditional Sanskrit Hymn,medium,Traditional Sanskrit Hymn,
ganga-chalisa,Traditional Chalisa Sangrah,medium,Traditional Chalisa Sangrah,
ganga-dashakam,Skanda Purana / Devotional Tradition,high,Skanda Purana / Devotional Tradition,OK
ganga-kavacham,Skanda Purana,high,Skanda Purana,OK
ganga-sahasranama,Skanda Purana,high,Skanda Purana,OK
ganga-stotram,Adi Shankaracharya,high,Adi Shankaracharya,OK for Shankara compositions
ganga-stuti-tulsidas,Tulsidas Rachnavali,medium,Tulsidas Rachnavali,
garuda-dandakam,Garuda Purana,medium,Garuda Purana,
gauri-chalisa,Traditional,low,"Traditional, precise source uncertain",Generic placeholder
gauri-stotram,Puranic Literature,medium,Puranic Literature,
gayatri-aarti,Traditional Gayatri Bhakti Literature,medium,Traditional Gayatri Bhakti Literature,
gayatri-ashtottara-shatanamavali,Devi Bhagavata Purana,high,Devi Bhagavata Purana,OK for Devi stotras
gayatri-chalisa,Traditional Chalisa Sangrah,medium,Traditional Chalisa Sangrah,
gayatri-hridayam,Atharvaveda Parishishta,high,Atharvaveda Parishishta,OK Vedic
gayatri-kavacham,Devi Bhagavatam,medium,Devi Bhagavatam,
gayatri-mangalashtakam,Devi Bhagavata Purana,high,Devi Bhagavata Purana,OK for Devi stotras
gayatri-mantra,Rigveda (3.62.10),high,Rigveda (3.62.10),OK Vedic
gayatri-sahasranama,Devi Bhagavata Purana,high,Devi Bhagavata Purana,OK for Devi stotras
gayatri-stotram,Devi Bhagavatam,medium,Devi Bhagavatam,
giridhari-stotram,Bhagavata Purana (Dashama Skandha),high,Bhagavata Purana (Dashama Skandha),OK for Vaishnava stotras from SB
gita-govinda-ashtapadi-1,Jayadeva - Gita Govinda (Sarga 1),medium,Jayadeva - Gita Govinda (Sarga 1),
gita-govinda-ashtapadi-dashavatara,Jayadeva - Gita Govinda,medium,Jayadeva - Gita Govinda,
gita-govinda-key-songs,Gita Govinda by Jayadeva (12th Century),medium,Gita Govinda by Jayadeva (12th Century),
gita-govinda-key-verses,Jayadeva - Gita Govinda,medium,Jayadeva - Gita Govinda,
gita-mahatmya,Padma Purana,high,Padma Purana,OK
gita-sara,Bhagavad Gita - Mahabharata,high,Bhagavad Gita - Mahabharata,OK
gopala-sahasranama,Brahmanda Purana,medium,Brahmanda Purana,
gopala-stotram,Traditional,low,"Traditional, precise source uncertain",Generic placeholder
gopala-vimshatika,Garga Samhita / Bhagavata Tradition,medium,Garga Samhita / Bhagavata Tradition,
gopi-geet,"Bhagavata Purana (Canto 10, Chapter 31)",high,"Bhagavata Purana (Canto 10, Chapter 31)",OK for Vaishnava stotras from SB
gopika-gitam,Srimad Bhagavatam (10.31),medium,Srimad Bhagavatam (10.31),
govardhan-puja-stotram,Bhagavata Purana / Govardhan Puja Tradition,high,Bhagavata Purana / Govardhan Puja Tradition,OK for Vaishnava stotras from SB
govinda-ashtakam,Shankaracharya,medium,Shankaracharya,
govinda-damodara-stotram,Bilvamangala Thakura (Krishna Karnamrita),medium,Bilvamangala Thakura (Krishna Karnamrita),
govinda-namavali,Tirupati Temple Tradition,medium,Tirupati Temple Tradition,
graha-peeda-hara-stotram,Jyotish Shastra,medium,Jyotish Shastra,
graha-shanti-mantra,Vedic Jyotish Tradition,medium,Vedic Jyotish Tradition,
griha-pravesh-mantras,"Rig Veda, Grihya Sutras, Vastu Shastra",medium,"Rig Veda, Grihya Sutras, Vastu Shastra",
griha-shanti-stotram,Atharva Veda / Vastu Shastra,medium,Atharva Veda / Vastu Shastra,
grishneshwar-stotram,Shiva Purana,high,Shiva Purana,OK for Shiva stotras from Shiva Purana
guru-ashtakam,Adi Shankaracharya,high,Adi Shankaracharya,OK for Shankara compositions
guru-chandal-dosh-nivaran-stotram,Jyotish Shastra,medium,Jyotish Shastra,
guru-dattatreya-mantra,Guru Charitra / Dattatreya Tantra,medium,Guru Charitra / Dattatreya Tantra,
guru-gita,Skanda Purana (Uttarakhanda),high,Skanda Purana (Uttarakhanda),OK
guru-graha-kavacham,Graha Stotra Sangraha,medium,Graha Stotra Sangraha,
guru-graha-stotra,Skanda Purana,high,Skanda Purana,OK
guru-paduka-stotram,Adi Shankaracharya,high,Adi Shankaracharya,OK for Shankara compositions
guru-sahasranama,Skanda Purana,high,Skanda Purana,OK
guru-stotram,Guru Gita - Skanda Purana,high,Guru Gita - Skanda Purana,OK
guru-vandana,Guru Gita and Traditional Guru Stuti,medium,Guru Gita and Traditional Guru Stuti,
guruvar-vrat-katha,Skanda Purana,high,Skanda Purana,OK
hanumad-ramayanam,Traditional Ramayana Literature,medium,Traditional Ramayana Literature,
hanuman-aarti,Traditional,low,"Traditional, precise source uncertain",Generic placeholder
hanuman-ashtak,Traditional - Tulsidas,medium,Traditional - Tulsidas,
hanuman-ashtottara-shatanamavali,Parasara Smriti / Hanuman tradition,medium,Parasara Smriti / Hanuman tradition,
hanuman-ashtottara-stotram,Parasara Samhita,medium,Parasara Samhita,
hanuman-bahuk,Tulsidas,medium,Tulsidas,
hanuman-chalisa,"Goswami Tulsidas · standalone composition in Awadhi, late 16th century",high,"Goswami Tulsidas · standalone composition in Awadhi, late 16th century","Hanuman Chalisa is a STANDALONE Tulsidas composition, NOT part of Ramcharitmanas. Corrected."
hanuman-dhyanam,Hanuman Chalisa Tradition / Valmiki Ramayana,high,Hanuman Chalisa Tradition / Valmiki Ramayana,OK for Ramayana stotras
hanuman-dwadash-nama,Parashara Smriti tradition,medium,Parashara Smriti tradition,
hanuman-gayatri,Hanuman tradition / Parasara Samhita,medium,Hanuman tradition / Parasara Samhita,
hanuman-hridayam,Hanuman Samhita,medium,Hanuman Samhita,
hanuman-kavacham,Sudarshana Samhita,medium,Sudarshana Samhita,
hanuman-langoolastra-stotram,Traditional,low,"Traditional, precise source uncertain",Generic placeholder
hanuman-mangalashtakam,Hanuman tradition,medium,Hanuman tradition,
hanuman-pancharatnam,Adi Shankaracharya,high,Adi Shankaracharya,OK for Shankara compositions
hanuman-sahasranama,Valmiki Ramayana tradition,high,Valmiki Ramayana tradition,OK for Ramayana stotras
hanuman-stavan,Traditional Sanskrit Hymn,medium,Traditional Sanskrit Hymn,
hanuman-stuti-lanka-kanda,Valmiki Ramayana - Lanka Kanda,high,Valmiki Ramayana - Lanka Kanda,OK for Ramayana stotras
hanuman-stuti-parasara,Parasara Samhita,medium,Parasara Samhita,
hanuman-vadvanal-stotra,Traditional Tantric Hymn,medium,Traditional Tantric Hymn,
hare-krishna-mahamantra,Kali Santarana Upanishad (Krishna Yajurveda),high,Kali Santarana Upanishad (Krishna Yajurveda),OK Vedic
hari-nama-mala-stotram,Garuda Purana,medium,Garuda Purana,
hari-stotram,Adi Shankaracharya,high,Adi Shankaracharya,OK for Shankara compositions
harivarasanam,Kambangudi Kulathur Srinivasa Iyer,medium,Kambangudi Kulathur Srinivasa Iyer,
hartalika-teej-vrat-katha,Shiva Purana,high,Shiva Purana,OK for Shiva stotras from Shiva Purana
hastamalaka-stotram,Hastamalaka Stotram — Adi Shankaracharya,high,Hastamalaka Stotram — Adi Shankaracharya,OK for Shankara compositions
hayagriva-stotram,Vedanta Desika,medium,Vedanta Desika,
hiranyagarbha-suktam,Rigveda (10.121),high,Rigveda (10.121),OK Vedic
holika-dahan-katha,Bhagavata Purana,high,Bhagavata Purana,OK for Vaishnava stotras from SB
indra-ashtakam,Rig Veda / Puranic Tradition,medium,Rig Veda / Puranic Tradition,
indra-chalisa,Vedic Tradition (Rig Veda / Puranas),medium,Vedic Tradition (Rig Veda / Puranas),
indra-dwadash-nama,Rig Veda,medium,Rig Veda,
indra-gayatri,Rig Veda,medium,Rig Veda,
indra-kavacham,Rig Veda / Puranic Tradition,medium,Rig Veda / Puranic Tradition,
indra-stotram-vedic,Rig Veda,medium,Rig Veda,
indra-stuti,Rigveda / Vedic Literature,high,Rigveda / Vedic Literature,OK Vedic
indra-suktam,Rigveda (Mandala 1),high,Rigveda (Mandala 1),OK Vedic
ishavasya-upanishad,Shukla Yajurveda - Adhyaya 40,high,Shukla Yajurveda - Adhyaya 40,OK Vedic
jagadamba-stotram,Devi Purana,medium,Devi Purana,
jagannath-aarti,Traditional Aarti Sangrah - Jagannath Temple Puri,medium,Traditional Aarti Sangrah - Jagannath Temple Puri,
jagannath-ashtakam,Adi Shankaracharya,high,Adi Shankaracharya,OK for Shankara compositions
jagannath-chalisa,Traditional Chalisa Sangrah,medium,Traditional Chalisa Sangrah,
jagannath-gayatri,Skanda Purana,high,Skanda Purana,OK
jagannath-kavacham,Skanda Purana / Oriya Tradition,high,Skanda Purana / Oriya Tradition,OK
jagannath-mangala-stotram,Skanda Purana / Traditional,high,Skanda Purana / Traditional,OK
jagannath-pancharatnam,Skanda Purana,high,Skanda Purana,OK
jagannath-sahasranama,Skanda Purana / Oriya Tradition,high,Skanda Purana / Oriya Tradition,OK
jagannath-stotram,Skanda Purana - Purushottama Kshetra Mahatmya,high,Skanda Purana - Purushottama Kshetra Mahatmya,OK
jagannatha-ashtakam,Adi Shankaracharya,high,Adi Shankaracharya,OK for Shankara compositions
janaki-mangal,Tulsidas - Janaki Mangal,medium,Tulsidas - Janaki Mangal,
janaki-stuti,Valmiki Ramayana,high,Valmiki Ramayana,OK for Ramayana stotras
janmashtami-vrat-katha,Bhagavata Purana,high,Bhagavata Purana,OK for Vaishnava stotras from SB
kaal-sarp-dosh-nivaran-stotram,Jyotish Shastra - Traditional,medium,Jyotish Shastra - Traditional,
kaalratri-stotram,Traditional (Navdurga Stotras),medium,Traditional (Navdurga Stotras),
kabir-dohe-key-verses,Kabir Granthavali,medium,Kabir Granthavali,
kaivalya-upanishad,Kaivalya Upanishad (Atharvaveda),high,Kaivalya Upanishad (Atharvaveda),OK Vedic
kalabhairav-ashtakam,Composed by Adi Shankaracharya,high,Composed by Adi Shankaracharya,OK for Shankara compositions
kalabhairava-ashtakam,Adi Shankaracharya,high,Adi Shankaracharya,OK for Shankara compositions
kali-aarti,Traditional Aarti Sangrah,medium,Classical Parasari tradition,Aarti collections often compilations with uncertain individual provenance
kali-ashtakam,Kalika Purana,medium,Kalika Purana,
kali-ashtottara-shatanamavali,Kalika Purana,medium,Kalika Purana,
kali-chalisa,Traditional Chalisa Sangrah,medium,Traditional Chalisa Sangrah,
kali-gayatri,Kalika Purana,medium,Kalika Purana,
kali-hridayam,Bhairava Tantra,medium,Bhairava Tantra,
kali-kavacham,Bhairava Tantra,medium,Bhairava Tantra,
kali-sahasranama-v2,Mahakala Samhita,medium,Mahakala Samhita,
kali-sahasranama,Kalika Purana,medium,Kalika Purana,
kali-stotram,Tantra Shastra,medium,Tantra Shastra,
kalki-stotram,Kalki Purana,medium,Kalki Purana,
kamadeva-stotram,Puranic Compilation,medium,Puranic Compilation,
kamakhya-kavacham,Kalika Purana,medium,Kalika Purana,
kamakhya-stotram,Kalika Purana,medium,Kalika Purana,
kamakshi-stotram,Markandeya Purana,medium,Markandeya Purana,
kamala-kavacham,Shakta Pramoda,medium,Shakta Pramoda,
kamala-stotram,Tantrasara,medium,Tantrasara,
kanakadhara-stotram,Adi Shankaracharya,high,Adi Shankaracharya,OK for Shankara compositions
kara-darshana-shloka,Vishnu Purana,high,Vishnu Purana,OK
karpura-gauram,Traditional Shaivite Aarti,medium,Traditional Shaivite Aarti,
kartikeya-ashtottara-shatanamavali,Skanda Purana,high,Skanda Purana,OK
kartikeya-dwadash-nama,Skanda Purana,high,Skanda Purana,OK
kartikeya-hridayam,Skanda Purana,high,Skanda Purana,OK
kartikeya-kavacham,Skanda Purana,high,Skanda Purana,OK
kartikeya-mangalashtakam,Skanda Purana,high,Skanda Purana,OK
kartikeya-pancharatnam,Skanda Purana,high,Skanda Purana,OK
kartikeya-sahasranama,Skanda Purana,high,Skanda Purana,OK
kartikeya-stotram,Skanda Purana,high,Skanda Purana,OK
karva-chauth-stotram,Karva Chauth Vrat Katha / Sanskrit-Hindi Compilation,medium,Karva Chauth Vrat Katha / Sanskrit-Hindi Compilation,
karva-chauth-vrat-katha,Hindu Vrat Katha Tradition (Puranic),medium,Hindu Vrat Katha Tradition (Puranic),
kashi-panchakam,Kashi Panchakam — Adi Shankaracharya,high,Kashi Panchakam — Adi Shankaracharya,OK for Shankara compositions
kashi-vishwanath-stotram,Skanda Purana - Kashi Khanda,high,Skanda Purana - Kashi Khanda,OK
kathopanishad-key-verses,Kathopanishad (Krishna Yajurveda),high,Kathopanishad (Krishna Yajurveda),OK Vedic
katyayani-stotram,Traditional (Navdurga Stotras),medium,Traditional (Navdurga Stotras),
kaupina-panchakam,Adi Shankaracharya,high,Adi Shankaracharya,OK for Shankara compositions
kedarnath-stotram,Shiva Purana,high,Shiva Purana,OK for Shiva stotras from Shiva Purana
kena-upanishad,Samaveda - Talavakara Brahmana,medium,Samaveda - Talavakara Brahmana,
ketu-dosh-nivaran-stotram,Graha Shanti Vidhi,medium,Graha Shanti Vidhi,
ketu-kavacham,Brahmanda Purana,medium,Brahmanda Purana,
ketu-sahasranama,Skanda Purana,high,Skanda Purana,OK
ketu-stotra,Skanda Purana,high,Skanda Purana,OK
ketu-stotram,Purana Tradition,medium,Purana Tradition,
khatu-shyam-aarti,Traditional Aarti Sangrah,medium,Classical Parasari tradition,Aarti collections often compilations with uncertain individual provenance
khatu-shyam-chalisa,Traditional Chalisa Sangrah,medium,Traditional Chalisa Sangrah,
kilak-stotram,Durga Saptashati (Markandeya Purana),medium,Durga Saptashati (Markandeya Purana),
kodanda-rama-stotram,Agastya Samhita,medium,Agastya Samhita,
krishna-aarti,Traditional,low,"Traditional, precise source uncertain",Generic placeholder
krishna-ashtakam,Traditional Sanskrit Stotra,medium,Traditional Sanskrit Stotra,
krishna-ashtottara-shatanamavali,Srimad Bhagavatam / Vishnu Purana,high,Srimad Bhagavatam / Vishnu Purana,OK
krishna-chalisa,Traditional,low,"Traditional, precise source uncertain",Generic placeholder
krishna-dhyanam,Bhagavata Purana / Gita Govinda,high,Bhagavata Purana / Gita Govinda,OK for Vaishnava stotras from SB
krishna-dwadash-nama,Bhagavata Purana / Narada tradition,high,Bhagavata Purana / Narada tradition,OK for Vaishnava stotras from SB
krishna-gayatri,Bhagavata Purana / Garga Samhita,high,Bhagavata Purana / Garga Samhita,OK for Vaishnava stotras from SB
krishna-gitavali-key-verses,Tulsidas - Krishna Gitavali,medium,Tulsidas - Krishna Gitavali,
krishna-hridayam,Brahmavaivarta Purana,medium,Brahmavaivarta Purana,
krishna-karnamrutam-key-verses,Krishna Karnamrutam (Bilvamangala Thakur),medium,Krishna Karnamrutam (Bilvamangala Thakur),
krishna-kavacham,Brahmavaivarta Purana,medium,Brahmavaivarta Purana,
krishna-lila-stuti,Bhagavata Purana (Compiled Stuti),high,Bhagavata Purana (Compiled Stuti),OK for Vaishnava stotras from SB
krishna-mangalashtakam,Bhagavata Purana tradition,high,Bhagavata Purana tradition,OK for Vaishnava stotras from SB
krishna-pancharatnam,Adi Shankaracharya,high,Adi Shankaracharya,OK for Shankara compositions
krishna-sahasranama,Mahabharata tradition,high,Mahabharata tradition,OK
krishna-stuti,Traditional Sanskrit Stotra,medium,Traditional Sanskrit Stotra,
kshamapana-stotram,Traditional Vaishnavite Literature,medium,Traditional Vaishnavite Literature,
kubera-ashtakam,Skanda Purana,high,Skanda Purana,OK
kubera-chalisa,Traditional Chalisa Sangrah,medium,Traditional Chalisa Sangrah,
kubera-dwadash-nama,Vishnu Purana,high,Vishnu Purana,OK
kubera-gayatri,Kubera Tantra,medium,Kubera Tantra,
kubera-hridayam,Shiva Purana,high,Shiva Purana,OK for Shiva stotras from Shiva Purana
kubera-kavacham,Vishnu Dharmottara Purana,medium,Vishnu Dharmottara Purana,
kubera-lakshmi-stotram,Traditional Wealth Worship Literature,medium,Traditional Wealth Worship Literature,
kubera-mantra,Kubera Tantra,medium,Kubera Tantra,
kubera-pancharatnam,Vishnu Purana,high,Vishnu Purana,OK
kubera-sahasranama,Shiva Purana / Yaksha Tradition,high,Shiva Purana / Yaksha Tradition,OK for Shiva stotras from Shiva Purana
kubera-stotram,Vishnu Dharmottara Purana,medium,Vishnu Dharmottara Purana,
kumara-ashtakam,Traditional Sanskrit Hymn,medium,Traditional Sanskrit Hymn,
kunti-stuti,"Shrimad Bhagavata Purana, Canto 1, Chapter 8",high,"Shrimad Bhagavata Purana, Canto 1, Chapter 8",OK for Vaishnava stotras from SB
kurma-stotram,Kurma Purana,medium,Kurma Purana,
kushmanda-stotram,Traditional (Navdurga Stotras),medium,Traditional (Navdurga Stotras),
lakshmi-aarti,Traditional,low,"Traditional, precise source uncertain",Generic placeholder
lakshmi-ashtakam,Traditional,low,"Traditional, precise source uncertain",Generic placeholder
lakshmi-ashtottara-shatanamavali,Sri Suktam / Lakshmi Tantra,medium,Sri Suktam / Lakshmi Tantra,
lakshmi-chalisa,Traditional,low,"Traditional, precise source uncertain",Generic placeholder
lakshmi-dhyanam,Lakshmi Tantra / Pancharatra Agama,medium,Lakshmi Tantra / Pancharatra Agama,
lakshmi-dwadash-nama,Padma Purana,high,Padma Purana,OK
lakshmi-gayatri,Sri Sukta / Lakshmi Tantra,medium,Sri Sukta / Lakshmi Tantra,
lakshmi-hridayam,Atharva Veda (Khila Sukta tradition),medium,Atharva Veda (Khila Sukta tradition),
lakshmi-kavacham,Brahmavaivarta Purana,medium,Brahmavaivarta Purana,
lakshmi-mangalashtakam,Lakshmi Tantra,medium,Lakshmi Tantra,
lakshmi-narasimha-karavalamba-stotram,Adi Shankaracharya,high,Adi Shankaracharya,OK for Shankara compositions
lakshmi-narasimha-pancharatnam,Lakshmi Narasimha Pancharatnam (Adi Shankaracharya),high,Lakshmi Narasimha Pancharatnam (Adi Shankaracharya),OK for Shankara compositions
lakshmi-narasimha-stotram,Adi Shankaracharya,high,Adi Shankaracharya,OK for Shankara compositions
lakshmi-narayana-hridayam,Atharva Veda (Khila Sukta tradition),medium,Atharva Veda (Khila Sukta tradition),
lakshmi-narayana-stotram,Vaishnavite Traditional Literature,medium,Vaishnavite Traditional Literature,
lakshmi-pancharatnam,Adi Shankaracharya,high,Adi Shankaracharya,OK for Shankara compositions
lakshmi-sahasranama,Skanda Purana,high,Skanda Purana,OK
lakshmi-stotram,Vishnu Purana,high,Vishnu Purana,OK
lakshmi-stuti,Vishnu Purana (Indrakrita Stuti),high,Vishnu Purana (Indrakrita Stuti),OK
lalita-sahasranama,Brahmanda Purana (Lalitopakhyana),medium,Brahmanda Purana (Lalitopakhyana),
lalita-trishati,Brahmanda Purana (Lalitopakhyana),medium,Brahmanda Purana (Lalitopakhyana),
laxminarayan-chalisa,Traditional Chalisa Sangrah,medium,Traditional Chalisa Sangrah,
lingashtakam,Traditional Sanskrit Hymn,medium,Traditional Sanskrit Hymn,
madhurashtakam,Shri Vallabhacharya,medium,Shri Vallabhacharya,
maha-ganapati-stotram,Tantric Tradition,medium,Tantric Tradition,
maha-ganesh-mantra,Various Tantric and Puranic Sources,medium,Various Tantric and Puranic Sources,
maha-shivratri-stotram,Shiva Purana,high,Shiva Purana,OK for Shiva stotras from Shiva Purana
mahagauri-stotram,Traditional (Navdurga Stotras),medium,Traditional (Navdurga Stotras),
mahakal-ashtakam,Shiva Purana,high,Shiva Purana,OK for Shiva stotras from Shiva Purana
mahakal-stotram,Shiva Purana,high,Shiva Purana,OK for Shiva stotras from Shiva Purana
mahakali-kavacham,Kalika Purana,medium,Kalika Purana,
mahakali-stotram,Brahmavaivarta Purana,medium,Brahmavaivarta Purana,
mahalakshmi-ashtakam,Padma Purana,high,Padma Purana,OK
mahamrityunjaya-mantra,Rigveda (7.59.12),high,Rigveda (7.59.12),OK Vedic
mahishasura-mardini-stotram-excerpt,Ramakrishna Kavi,medium,Ramakrishna Kavi,
mahishasura-mardini-stotram,Traditional (attributed to Adi Shankaracharya),high,Traditional (attributed to Adi Shankaracharya),OK for Shankara compositions
makar-sankranti-vrat-katha,Surya Purana,medium,Surya Purana,
mallikarjuna-stotram,Shiva Purana,high,Shiva Purana,OK for Shiva stotras from Shiva Purana
mandukya-upanishad,Atharvaveda - Mandukya Upanishad,high,Atharvaveda - Mandukya Upanishad,OK Vedic
mangal-chandika-stotram,Devi Mahatmya / Markandeya Purana,medium,Devi Mahatmya / Markandeya Purana,
mangal-dosh-nivaran-stotram,Jyotish Shastra - Traditional,medium,Jyotish Shastra - Traditional,
mangal-graha-kavacham,Graha Stotra Sangraha,medium,Graha Stotra Sangraha,
mangal-kavacham,Brahmanda Purana,medium,Brahmanda Purana,
mangal-sahasranama,Skanda Purana,high,Skanda Purana,OK
mangal-stotra,Skanda Purana,high,Skanda Purana,OK
mangal-stotram,Purana Tradition,medium,Purana Tradition,
mangalvar-vrat-katha,Hanuman Purana,medium,Hanuman Purana,
manisha-panchakam,Adi Shankaracharya,high,Adi Shankaracharya,OK for Shankara compositions
mantra-pushpam,Taittiriya Aranyaka,medium,Taittiriya Aranyaka,
mantra-pushpanjali,Yajurveda and Rigveda (Compilation),high,Yajurveda and Rigveda (Compilation),OK Vedic
manyu-suktam,Rigveda (10.83-84),high,Rigveda (10.83-84),OK Vedic
markandeya-stuti,Markandeya Purana / Shiva Purana,high,Markandeya Purana / Shiva Purana,OK for Shiva stotras from Shiva Purana
maruti-ashtakam,Traditional,low,"Traditional, precise source uncertain",Generic placeholder
maruti-stotra,Samartha Ramdas Swami (Dasbodh tradition),medium,Samartha Ramdas Swami (Dasbodh tradition),
matangi-kavacham,Shakta Pramoda,medium,Shakta Pramoda,
matangi-stotram,Tantrasara,medium,Tantrasara,
matsya-stotram,Matsya Purana,medium,Matsya Purana,
medha-dakshinamurthy-stotram,Vedic Medha Suktam / Dakshinamurthy Tradition,medium,Vedic Medha Suktam / Dakshinamurthy Tradition,
medha-suktam,Taittiriya Aranyaka - Yajurveda,high,Taittiriya Aranyaka - Yajurveda,OK Vedic
meenakshi-pancharatnam,Adi Shankaracharya,high,Adi Shankaracharya,OK for Shankara compositions
meenakshi-stotram,Halasya Mahatmya,medium,Halasya Mahatmya,
meera-bhajan-key-verses,Sant Meerabai - Meera Padavali,medium,Sant Meerabai - Meera Padavali,
mehandipur-balaji-aarti,"Mehandipur Balaji Temple Tradition, Rajasthan",medium,"Mehandipur Balaji Temple Tradition, Rajasthan",
moksha-prapti-stotram,Shaiva Agama - Traditional,medium,Shaiva Agama - Traditional,
mrityunjaya-kavacham,Rudrayamala Tantra,medium,Rudrayamala Tantra,
mrityunjaya-stotram,Traditional Sanskrit Hymn (Shiva Purana tradition),high,Traditional Sanskrit Hymn (Shiva Purana tradition),OK for Shiva stotras from Shiva Purana
mukunda-mala-stotram,Kulashekhara Alwar,medium,Kulashekhara Alwar,
mundaka-upanishad-key-verses,Mundaka Upanishad (Atharvaveda),high,Mundaka Upanishad (Atharvaveda),OK Vedic
muralidhara-stotram,Bhagavata Purana Tradition,high,Bhagavata Purana Tradition,OK for Vaishnava stotras from SB
murugan-chalisa,Traditional Chalisa,medium,Traditional Chalisa,
nag-panchami-vrat-katha,Bhavishya Purana,medium,Bhavishya Purana,
naga-gayatri,Traditional,low,"Traditional, precise source uncertain",Generic placeholder
naga-stotram,"Agni Purana, Garuda Purana",medium,"Agni Purana, Garuda Purana",
nageshwar-stotram,Shiva Purana,high,Shiva Purana,OK for Shiva stotras from Shiva Purana
nama-ramayanam,Traditional Vaishnavite Literature,medium,Traditional Vaishnavite Literature,
nandi-stotram,Shiva Purana,high,Shiva Purana,OK for Shiva stotras from Shiva Purana
narada-bhakti-sutra-key-verses,Narada Bhakti Sutra,medium,Narada Bhakti Sutra,
narada-stuti,Shrimad Bhagavata Purana,high,Shrimad Bhagavata Purana,OK for Vaishnava stotras from SB
narasimha-aarti,Vaishnava Tradition,medium,Vaishnava Tradition,
narasimha-ashtakam,Traditional Vaishnavite Literature,medium,Traditional Vaishnavite Literature,
narasimha-ashtottara-shatanamavali,Garuda Purana,medium,Garuda Purana,
narasimha-dwadash-nama,Narasimha Purana,medium,Narasimha Purana,
narasimha-gayatri-v2,Traditional,low,"Traditional, precise source uncertain",Generic placeholder
narasimha-gayatri,Narasimha Tapaniya Upanishad,medium,Narasimha Tapaniya Upanishad,
narasimha-hridayam,Ahirbudhnya Samhita,medium,Ahirbudhnya Samhita,
narasimha-kavacham,Brahmanda Purana (Prahlada-uktam),medium,Brahmanda Purana (Prahlada-uktam),
narasimha-mangalashtakam,Narasimha Purana,medium,Narasimha Purana,
narasimha-nakha-stuti,Madhvacharya - Narasimha Nakha Stuti,medium,Madhvacharya - Narasimha Nakha Stuti,
narasimha-panchamrita-stotram,Narasimha Purana,medium,Narasimha Purana,
narasimha-pancharatnam,Adi Shankaracharya,high,Adi Shankaracharya,OK for Shankara compositions
narasimha-sahasranama,Garuda Purana,medium,Garuda Purana,
narasimha-stotram,Traditional Vaishnavite Literature,medium,Traditional Vaishnavite Literature,
narasimha-stuti-prahlada,Srimad Bhagavata Purana,high,Srimad Bhagavata Purana,OK for Vaishnava stotras from SB
narayana-ashtakam,Traditional Vaishnavite Literature,medium,Traditional Vaishnavite Literature,
narayana-hridayam,Atharvana tradition / Bhargava Rishi,medium,Atharvana tradition / Bhargava Rishi,
narayana-jyotirmaya-stotram,"Upanishads (Isha, Katha, Mundaka) and Traditional Compilation",medium,"Upanishads (Isha, Katha, Mundaka) and Traditional Compilation",
narayana-kavacham,"Srimad Bhagavatam - Skanda 6, Chapter 8",medium,"Srimad Bhagavatam - Skanda 6, Chapter 8",
narayana-suktam,Yajurveda - Taittiriya Aranyaka,high,Yajurveda - Taittiriya Aranyaka,OK Vedic
narayana-upanishad,Atharva Veda,medium,Atharva Veda,
narmada-ashtakam,Adi Shankaracharya,high,Adi Shankaracharya,OK for Shankara compositions
narmada-stotram,Purana Tradition,medium,Purana Tradition,
narsimha-chalisa,Traditional Chalisa Sangrah,medium,Traditional Chalisa Sangrah,
nasadiya-suktam,Rigveda (10.129),high,Rigveda (10.129),OK Vedic
nataraja-stotram,Traditional Sanskrit Hymn (Chidambaram tradition),medium,Traditional Sanskrit Hymn (Chidambaram tradition),
naukari-prapti-stotram,Niti Shastra,medium,Niti Shastra,
nava-durga-dhyanam,Devi Bhagavatam / Markandeya Purana,medium,Devi Bhagavatam / Markandeya Purana,
navadurga-gayatri,Devi Purana,medium,Devi Purana,
navadurga-kavacham,Brahmanda Purana,medium,Brahmanda Purana,
navagraha-gayatri,Vedic Jyotish Parampara,medium,Vedic Jyotish Parampara,
navagraha-kavach,Vishnu Dharmottara Purana,medium,Vishnu Dharmottara Purana,
navagraha-kavacham,Purana Tradition,medium,Purana Tradition,
navagraha-mantra,Vedic Jyotish Shastra,medium,Vedic Jyotish Shastra,
navagraha-shanti-stotram,Vyasa,medium,Vyasa,
navagraha-stotra,Vyasa - Skanda Purana,high,Vyasa - Skanda Purana,OK
navagraha-stotram-brihaspati,Purana Tradition,medium,Purana Tradition,
navaratna-stotram,Jyotish Shastra / Garuda Purana,medium,Jyotish Shastra / Garuda Purana,
navarna-mantra-vidhana,Durga Saptashati (Markandeya Purana),medium,Durga Saptashati (Markandeya Purana),
navdurga-stotram,Devi Bhagavata Purana and Traditional Navratri Texts,high,Devi Bhagavata Purana and Traditional Navratri Texts,OK for Devi stotras
navratri-vrat-katha,Devi Bhagavata Purana,high,Devi Bhagavata Purana,OK for Devi stotras
neelakanthesha-stotram,Shiva Purana (Samudra Manthana Katha),high,Shiva Purana (Samudra Manthana Katha),OK for Shiva stotras from Shiva Purana
nirvana-shatakam,Adi Shankaracharya,high,Adi Shankaracharya,OK for Shankara compositions
niti-shatakam,Niti Shatakam by Bhartrihari (5th Century),medium,Niti Shatakam by Bhartrihari (5th Century),
om-jai-jagdish-hare,Pandit Shardha Ram Phillauri,medium,Pandit Shardha Ram Phillauri,
omkareshwar-stotram,Shiva Purana,high,Shiva Purana,OK for Shiva stotras from Shiva Purana
padmanabha-ashtakam,Vaishnavite Traditional Literature,medium,Vaishnavite Traditional Literature,
padmavathi-stotram,Tirumala Tradition,medium,Tirumala Tradition,
pancha-ratna-stotram,Shiva Pancharatna Stotram by Adi Shankaracharya,high,Shiva Pancharatna Stotram by Adi Shankaracharya,OK for Shankara compositions
pancha-suktam,Rig Veda / Yajur Veda / Taittiriya Samhita,medium,Rig Veda / Yajur Veda / Taittiriya Samhita,
panchamukhi-hanuman-kavach,Sudarshana Samhita,medium,Sudarshana Samhita,
panchamukhi-hanuman-kavacham,Parasara Samhita,medium,Parasara Samhita,
panchayatana-puja-stotram,Smarta Tradition / Adi Shankaracharya,high,Smarta Tradition / Adi Shankaracharya,OK for Shankara compositions
pandurangashtakam,Adi Shankaracharya,high,Adi Shankaracharya,OK for Shankara compositions
parashurama-stotram,Brahmanda Purana,medium,Brahmanda Purana,
parvati-ashtakam,Shiva Purana / Parvati Stuti,high,Shiva Purana / Parvati Stuti,OK for Shiva stotras from Shiva Purana
parvati-ashtottara-shatanamavali,Shiva Purana,high,Shiva Purana,OK for Shiva stotras from Shiva Purana
parvati-chalisa,Traditional Chalisa Sangrah,medium,Traditional Chalisa Sangrah,
parvati-hridayam,Shiva Purana,high,Shiva Purana,OK for Shiva stotras from Shiva Purana
parvati-kavacham,Shiva Purana,high,Shiva Purana,OK for Shiva stotras from Shiva Purana
parvati-mangal,Parvati Mangal - Goswami Tulsidas,medium,Parvati Mangal - Goswami Tulsidas,
parvati-mangalashtakam,Traditional (Stotra Literature),medium,Traditional (Stotra Literature),
parvati-sahasranama,Shiva Purana,high,Shiva Purana,OK for Shiva stotras from Shiva Purana
parvati-stotram,Shiva Purana,high,Shiva Purana,OK for Shiva stotras from Shiva Purana
pashupatinath-stotram,Shiva Purana,high,Shiva Purana,OK for Shiva stotras from Shiva Purana
pavamana-suktam,Rigveda (9th Mandala) and Taittiriya Aranyaka,high,Rigveda (9th Mandala) and Taittiriya Aranyaka,OK Vedic
pitru-dosh-nivaran-stotram,Garuda Purana - Traditional,medium,Garuda Purana - Traditional,
pradosh-vrat-katha,Shiva Purana,high,Shiva Purana,OK for Shiva stotras from Shiva Purana
pradosha-stotra,Skanda Purana,high,Skanda Purana,OK
prahlada-stuti,"Shrimad Bhagavata Purana, Canto 7, Chapter 9",high,"Shrimad Bhagavata Purana, Canto 7, Chapter 9",OK for Vaishnava stotras from SB
prarthana-shloka-sangraha,Various Scriptures,medium,Various Scriptures,
pratah-kaal-stotram,Vedic Tradition - Pratah Smarana,medium,Vedic Tradition - Pratah Smarana,
pratah-prarthana,Various Scriptures,medium,Various Scriptures,
pratah-smarana-stotram,Adi Shankaracharya,high,Adi Shankaracharya,OK for Shankara compositions
pratyangira-stotram,Atharva Veda tradition,medium,Atharva Veda tradition,
prithvi-suktam,"Atharva Veda (Kanda 12, Sukta 1)",medium,"Atharva Veda (Kanda 12, Sukta 1)",
purusha-suktam,"Rigveda - Mandala 10, Sukta 90",high,"Rigveda - Mandala 10, Sukta 90",OK Vedic
purushashtakam,"Vedas and Upanishads (Purusha Suktam, Katha, Shvetashvatara, Taittiriya)",medium,"Vedas and Upanishads (Purusha Suktam, Katha, Shvetashvatara, Taittiriya)",
radha-ashtakam,Padma Purana,high,Padma Purana,OK
radha-chalisa,Traditional Chalisa Sangrah,medium,Traditional Chalisa Sangrah,
radha-hridayam,Brahmavaivarta Purana,medium,Brahmavaivarta Purana,
radha-kavacham,Brahmavaivarta Purana,medium,Brahmavaivarta Purana,
radha-kripa-kataksha-stotram,Urdhvamnaya Tantra,medium,Urdhvamnaya Tantra,
radha-krishna-ashtakam,Vaishnava Devotional Literature,medium,Vaishnava Devotional Literature,
radha-mangalashtakam,Brahmavaivarta Purana,medium,Brahmavaivarta Purana,
radha-sahasranama,Narada Pancharatra,medium,Narada Pancharatra,
radha-stotram,Narada Pancharatra,medium,Narada Pancharatra,
radha-stuti,Gaudiya Vaishnava Tradition,medium,Gaudiya Vaishnava Tradition,
raghunatha-ashtakam,Traditional Sanskrit Stotra,medium,Traditional Sanskrit Stotra,
raghuveera-gadyam,Composed by Vedanta Deshika (13th-14th Century),medium,Composed by Vedanta Deshika (13th-14th Century),
rahu-dosh-nivaran-stotram,Graha Shanti Vidhi,medium,Graha Shanti Vidhi,
rahu-kavacham,Brahmanda Purana,medium,Brahmanda Purana,
rahu-ketu-stotram,Skanda Purana (Graha Khanda),high,Skanda Purana (Graha Khanda),OK
rahu-sahasranama,Skanda Purana,high,Skanda Purana,OK
rahu-stotra,Skanda Purana,high,Skanda Purana,OK
rahu-stotram,Purana Tradition,medium,Purana Tradition,
raksha-bandhan-stotram,Traditional Festival Literature,medium,Traditional Festival Literature,
ram-aarti,Tulsidas - Ramcharitmanas,high,Tulsidas - Ramcharitmanas,OK for Ramayana-based stotras
ram-chalisa,Traditional,low,"Traditional, precise source uncertain",Generic placeholder
ram-navami-vrat-katha,Valmiki Ramayana,high,Valmiki Ramayana,OK for Ramayana stotras
ram-satsal,Tulsidas - Ram Satsai,medium,Tulsidas - Ram Satsai,
ram-stuti,Tulsidas - Ramcharitmanas,high,Tulsidas - Ramcharitmanas,OK for Ramayana-based stotras
rama-ashtakam,Traditional Sanskrit,medium,Traditional Sanskrit,
rama-ashtottara-shatanamavali,Valmiki Ramayana / Padma Purana,high,Valmiki Ramayana / Padma Purana,OK
rama-dwadash-nama,Valmiki Ramayana tradition,high,Valmiki Ramayana tradition,OK for Ramayana stotras
rama-gayatri,Vedic Gayatri Tradition,medium,Vedic Gayatri Tradition,
rama-hridayam,Ananda Ramayana / Padma Purana,high,Ananda Ramayana / Padma Purana,OK
rama-kavacham,Traditional Vaishnavite Literature,medium,Traditional Vaishnavite Literature,
rama-mangalashtakam,Valmiki Ramayana tradition,high,Valmiki Ramayana tradition,OK for Ramayana stotras
rama-panchakam,Traditional Sanskrit Stotra,medium,Traditional Sanskrit Stotra,
rama-pancharatnam,Adi Shankaracharya,high,Adi Shankaracharya,OK for Shankara compositions
rama-sahasranama,Padma Purana,high,Padma Purana,OK
rama-stotram,Traditional Rama Literature,medium,Traditional Rama Literature,
ramayana-chopai,Ramcharitmanas by Goswami Tulsidas,medium,Ramcharitmanas by Goswami Tulsidas,
rameshwaram-stotram,Shiva Purana,high,Shiva Purana,OK for Shiva stotras from Shiva Purana
ramraksha-stotra,Budhakaushika Rishi - Traditional Sanskrit,medium,Budhakaushika Rishi - Traditional Sanskrit,
ranganatha-ashtakam,Adi Shankaracharya / Traditional Vaishnavite Literature,high,Adi Shankaracharya / Traditional Vaishnavite Literature,OK for Shankara compositions
ratha-saptami-stotram,Skanda Purana,high,Skanda Purana,OK
ratri-suktam,"Rigveda (Mandala 10, Sukta 127)",high,"Rigveda (Mandala 10, Sukta 127)",OK Vedic
ravivar-vrat-katha,Surya Purana,medium,Surya Purana,
rin-mukti-stotram,Lakshmi Tantra / Puranic Compilation,medium,Lakshmi Tantra / Puranic Compilation,
rudra-gayatri,Yajur Veda,medium,Yajur Veda,
rudra-suktam,Rigveda (2.33),high,Rigveda (2.33),OK Vedic
rudram-chamakam-excerpt,Krishna Yajurveda,high,Krishna Yajurveda,OK Vedic
rudrashtakam,Composed by Goswami Tulsidas,medium,Composed by Goswami Tulsidas,
rukmini-mangalashtakam,Traditional Sanskrit Stotra,medium,Traditional Sanskrit Stotra,
sadhana-panchakam,Adi Shankaracharya,high,Adi Shankaracharya,OK for Shankara compositions
sai-aarti,Shri Sai Satcharitra Tradition,medium,Shri Sai Satcharitra Tradition,
sai-ashtakam,Sai Bhakti Literature,medium,Sai Bhakti Literature,
sai-baba-aarti-dhup,Shirdi Sai Baba Sansthan Tradition,medium,Shirdi Sai Baba Sansthan Tradition,
sai-baba-aarti-shej,Shirdi Sai Baba Sansthan Tradition,medium,Shirdi Sai Baba Sansthan Tradition,
sai-chalisa,Traditional Sai Bhakti Literature,medium,Traditional Sai Bhakti Literature,
sai-kavacham,Sai Devotional Tradition,medium,Sai Devotional Tradition,
sai-mangalashtakam,Sai Devotional Tradition,medium,Sai Devotional Tradition,
sai-sahasranama,Sai Devotional Tradition,medium,Sai Devotional Tradition,
sai-stotram,Sai Devotional Tradition,medium,Sai Devotional Tradition,
sandhya-vandana,"Rigveda, Yajurveda, Dharma Sutras",high,"Rigveda, Yajurveda, Dharma Sutras",OK Vedic
sankat-mochan-hanuman-ashtak,Tulsidas - Traditional,medium,Tulsidas - Traditional,
sankat-nashan-ganesh-stotra,Narada Purana,medium,Narada Purana,
santan-gopala-mantra,Santan Gopala Upanishad / Puranic Tradition,medium,Santan Gopala Upanishad / Puranic Tradition,
santan-gopala-stotram,Traditional Sanskrit Hymn,medium,Traditional Sanskrit Hymn,
santan-lakshmi-stotram,Ashta Lakshmi Traditional Literature,medium,Ashta Lakshmi Traditional Literature,
santan-prapti-stotram,Santana Gopala Upasana - Traditional,medium,Santana Gopala Upasana - Traditional,
santoshi-mata-aarti,Traditional,low,"Traditional, precise source uncertain",Generic placeholder
santoshi-mata-chalisa,Traditional,low,"Traditional, precise source uncertain",Generic placeholder
santoshi-mata-vrat-katha,Santoshi Mata Vrat Katha - Traditional,medium,Santoshi Mata Vrat Katha - Traditional,
saptashloki-gita,Bhagavad Gita (Mahabharata),high,Bhagavad Gita (Mahabharata),OK
saraswati-aarti,Traditional,low,"Traditional, precise source uncertain",Generic placeholder
saraswati-ashtakam,Traditional Sanskrit Hymn,medium,Traditional Sanskrit Hymn,
saraswati-ashtottara-shatanamavali,Saraswati Stotra / Brahmanda Purana,medium,Saraswati Stotra / Brahmanda Purana,
saraswati-chalisa,Traditional,low,"Traditional, precise source uncertain",Generic placeholder
saraswati-dwadash-nama,Traditional,low,"Traditional, precise source uncertain",Generic placeholder
saraswati-gayatri,Saraswati Rahasya Upanishad,medium,Saraswati Rahasya Upanishad,
saraswati-hridayam,Saraswati Rahasya,medium,Saraswati Rahasya,
saraswati-kavacham,Traditional,low,"Traditional, precise source uncertain",Generic placeholder
saraswati-mangalashtakam,Traditional,low,"Traditional, precise source uncertain",Generic placeholder
saraswati-panchakam,Traditional,low,"Traditional, precise source uncertain",Generic placeholder
saraswati-pancharatnam,Adi Shankaracharya,high,Adi Shankaracharya,OK for Shankara compositions
saraswati-rahasya-stotram,Traditional,low,"Traditional, precise source uncertain",Generic placeholder
saraswati-sahasranama,Skanda Purana,high,Skanda Purana,OK
saraswati-stotram,Traditional Sanskrit Stotra,medium,Traditional Sanskrit Stotra,
saraswati-stuti,Puranic Compilation,medium,Puranic Compilation,
saraswati-suktam,"Rigveda (Mandala 1, 6, 7)",high,"Rigveda (Mandala 1, 6, 7)",OK Vedic
saraswati-vandana,Traditional Sanskrit Hymns,medium,Traditional Sanskrit Hymns,
sarpa-dosha-nivaran-stotram,Naga Purana,medium,Naga Purana,
sarva-devata-stotram,Vedic Tradition,medium,Vedic Tradition,
sarva-karya-siddhi-stotram,Niti Shastra,medium,Niti Shastra,
sarva-mangala-stotram,Durga Saptashati / Markandeya Purana,medium,Durga Saptashati / Markandeya Purana,
satyanarayan-aarti,Traditional Aarti Sangrah,medium,Classical Parasari tradition,Aarti collections often compilations with uncertain individual provenance
satyanarayan-chalisa,Traditional Chalisa Sangrah,medium,Traditional Chalisa Sangrah,
satyanarayan-katha,Skanda Purana - Reva Khanda,high,Skanda Purana - Reva Khanda,OK
satyanarayan-stotram,Skanda Purana - Reva Khanda,high,Skanda Purana - Reva Khanda,OK
saubhagya-lakshmi-stotram,Traditional,low,"Traditional, precise source uncertain",Generic placeholder
savitri-gayatri-extended,Vedas,medium,Vedas,
shailputri-stotram,Traditional (Navdurga Stotras),medium,Traditional (Navdurga Stotras),
shakambhari-stotram,Devi Bhagavata Purana,high,Devi Bhagavata Purana,OK for Devi stotras
shakti-panchakam,Markandeya Purana (Durga Saptashati),medium,Markandeya Purana (Durga Saptashati),
shani-aarti,Traditional Hindu Aarti,medium,Traditional Hindu Aarti,
shani-ashtottara-shatanamavali,Skanda Purana,high,Skanda Purana,OK
shani-chalisa,Traditional Hindu Prayer,medium,Traditional Hindu Prayer,
shani-dashrath-stotram,Skanda Purana (Shani Mahatmya),high,Skanda Purana (Shani Mahatmya),OK
shani-gayatri,Navagraha Stotra Tradition,medium,Navagraha Stotra Tradition,
shani-hridayam,Skanda Purana,high,Skanda Purana,OK
shani-kavacham,Brahma Vaivarta Purana,medium,Brahma Vaivarta Purana,
shani-mahatmya,Skanda Purana / Shani Mahatmya,high,Skanda Purana / Shani Mahatmya,OK
shani-mangalashtakam,Skanda Purana,high,Skanda Purana,OK
shani-pancharatnam,Skanda Purana,high,Skanda Purana,OK
shani-sahasranama,Skanda Purana,high,Skanda Purana,OK
shani-stotra,Skanda Purana - Dasharathakritam,high,Skanda Purana - Dasharathakritam,OK
shani-stotram-dasharatha,Brahma Vaivarta Purana - Dasharathakritam,medium,Brahma Vaivarta Purana - Dasharathakritam,
shani-vajrapanjara-kavach,Shani Mahatmya (Skanda Purana),high,Shani Mahatmya (Skanda Purana),OK
shanivar-vrat-katha,Shani Mahatmya,medium,Shani Mahatmya,
shankaracharya-ashtakam,Advaita Tradition,medium,Advaita Tradition,
shanmukha-gayatri,Traditional,low,"Traditional, precise source uncertain",Generic placeholder
shanmukha-stotram,Traditional Sanskrit Hymn,medium,Traditional Sanskrit Hymn,
shanti-path,Yajurveda (36.17) and Upanishads,high,Yajurveda (36.17) and Upanishads,OK Vedic
sharabha-stotram,Shiva Purana / Sharabha Upanishad,high,Shiva Purana / Sharabha Upanishad,OK for Shiva stotras from Shiva Purana
sharad-purnima-vrat-katha,Bhagavata Purana - Traditional,high,Bhagavata Purana - Traditional,OK for Vaishnava stotras from SB
sharanagati-gadyam,Ramanujacharya - Sharanagati Gadyam,medium,Ramanujacharya - Sharanagati Gadyam,
sharanu-ghosha,Ayyappa Bhakti Tradition (Sabarimala),medium,Ayyappa Bhakti Tradition (Sabarimala),
shatpadi-stotram,Adi Shankaracharya,high,Adi Shankaracharya,OK for Shankara compositions
shatru-nashak-stotram,Hanuman Tantra / Puranic Compilation,medium,Hanuman Tantra / Puranic Compilation,
shayan-prarthana,Various Scriptures,medium,Various Scriptures,
sheetala-mata-aarti,Traditional Aarti Sangrah,medium,Classical Parasari tradition,Aarti collections often compilations with uncertain individual provenance
shiv-aarti,Traditional Hindu Aarti (attributed to Shivanand Swami),medium,Traditional Hindu Aarti (attributed to Shivanand Swami),
shiv-aparadh-kshamapana-stotram,Composed by Adi Shankaracharya,high,Composed by Adi Shankaracharya,OK for Shankara compositions
shiv-bhujanga-stotram,Composed by Adi Shankaracharya,high,Composed by Adi Shankaracharya,OK for Shankara compositions
shiv-chalisa,Traditional Hindi Devotional Composition,medium,Traditional Hindi Devotional Composition,
shiv-dashakam,Shiva Purana,high,Shiva Purana,OK for Shiva stotras from Shiva Purana
shiv-kavach,Traditional Sanskrit Hymn,medium,Traditional Sanskrit Hymn,
shiv-mahimna-stotram,Composed by Pushpadanta (from Shiva Purana tradition),high,Composed by Pushpadanta (from Shiva Purana tradition),OK for Shiva stotras from Shiva Purana
shiv-manasa-puja,Composed by Adi Shankaracharya,high,Composed by Adi Shankaracharya,OK for Shankara compositions
shiv-panchakam,Shiva Purana,high,Shiva Purana,OK for Shiva stotras from Shiva Purana
shiv-panchakshar-dhun,Traditional Devotional Dhun,medium,Traditional Devotional Dhun,
shiv-panchakshara-stotram,Composed by Adi Shankaracharya,high,Composed by Adi Shankaracharya,OK for Shankara compositions
shiv-sahasranama-stotram,"Mahabharata, Anushasan Parva",high,"Mahabharata, Anushasan Parva",OK
shiv-sankalpa-suktam,"Shukla Yajurveda, Vajasaneyi Samhita 34.1-6",high,"Shukla Yajurveda, Vajasaneyi Samhita 34.1-6",OK Vedic
shiv-shadakshara-stotram,Shiva Purana,high,Shiva Purana,OK for Shiva stotras from Shiva Purana
shiv-stuti,Traditional Sanskrit Hymn,medium,Traditional Sanskrit Hymn,
shiv-tandav-stotram,Composed by Ravana,medium,Composed by Ravana,
shiva-aparadha-stotram,Shiva Aparadha Bhanjana Stotram (Adi Shankaracharya),high,Shiva Aparadha Bhanjana Stotram (Adi Shankaracharya),OK for Shankara compositions
shiva-ashtakam-prabhu,Traditional Shaivite Literature,medium,Traditional Shaivite Literature,
shiva-ashtamurti-stotram,Shaiva Agama Texts,medium,Shaiva Agama Texts,
shiva-ashtottara-shatanamavali,Shiva Purana,high,Shiva Purana,OK for Shiva stotras from Shiva Purana
shiva-ashtottara-stotram,Shiva Purana,high,Shiva Purana,OK for Shiva stotras from Shiva Purana
shiva-dhyanam,Shiva Purana / Yajurveda,high,Shiva Purana / Yajurveda,OK for Shiva stotras from Shiva Purana
shiva-dwadash-nama,Shiva Purana,high,Shiva Purana,OK for Shiva stotras from Shiva Purana
shiva-gayatri,Yajur Veda / Shvetashvatara Upanishad,medium,Yajur Veda / Shvetashvatara Upanishad,
shiva-hridayam,Vamadeva Rishi / Atharvana Upanishad tradition,medium,Vamadeva Rishi / Atharvana Upanishad tradition,
shiva-mangalashtakam,Shiva Purana,high,Shiva Purana,OK for Shiva stotras from Shiva Purana
shiva-namavali-ashtakam,Shiva Purana,high,Shiva Purana,OK for Shiva stotras from Shiva Purana
shiva-pancharatnam,Purana Tradition,medium,Purana Tradition,
shiva-panchavaktra-stotram,Yajurveda (Taittiriya Aranyaka) and Traditional Shaiva Texts,high,Yajurveda (Taittiriya Aranyaka) and Traditional Shaiva Texts,OK Vedic
shiva-raksha-stotram,Composed by Yajnavalkya Rishi,medium,Composed by Yajnavalkya Rishi,
shiva-stuti-ramayana,Valmiki Ramayana,high,Valmiki Ramayana,OK for Ramayana stotras
shiva-tandava-dhun,Traditional Devotional Composition,medium,Traditional Devotional Composition,
shiva-tatva-stotram,Advaita Vedanta Tradition (Attributed to Adi Shankaracharya),high,Advaita Vedanta Tradition (Attributed to Adi Shankaracharya),OK for Shankara compositions
shivananda-lahari-excerpt,Adi Shankaracharya,high,Adi Shankaracharya,OK for Shankara compositions
shivananda-lahari,Adi Shankaracharya,high,Adi Shankaracharya,OK for Shankara compositions
shivashtakam,Traditional Sanskrit Hymn,medium,Traditional Sanskrit Hymn,
shodasha-ganapati-stotram,Sritattvanidhi / Mudgala Purana,medium,Sritattvanidhi / Mudgala Purana,
shodashi-stotram,Sri Vidya Tantra / Dakshinamurti Samhita,medium,Sri Vidya Tantra / Dakshinamurti Samhita,
shraddha-mantras,"Grihya Sutras, Garuda Purana, Vayu Purana",medium,"Grihya Sutras, Garuda Purana, Vayu Purana",
shri-hari-stuti,Bhagavad Gita / Vishnu Purana / Vaishnava Tradition,high,Bhagavad Gita / Vishnu Purana / Vaishnava Tradition,OK
shri-krishna-sharanam-mamah,Bhagavad Gita and Vaishnava Tradition,medium,Bhagavad Gita and Vaishnava Tradition,
shri-suktam,Rigveda - Khilani (Appendix to Rigveda Samhita),high,Rigveda - Khilani (Appendix to Rigveda Samhita),OK Vedic
shrinathji-aarti,Nathdwara Pushti Marg Tradition (Vallabhacharya Sampradaya),medium,Nathdwara Pushti Marg Tradition (Vallabhacharya Sampradaya),
shrinathji-chalisa,Nathdwara / Pushti Marga Tradition,medium,Nathdwara / Pushti Marga Tradition,
shrinathji-stotram,Pushti Marg / Vallabha Sampradaya,medium,Pushti Marg / Vallabha Sampradaya,
shruti-gita,Shrimad Bhagavata Purana 10.87,high,Shrimad Bhagavata Purana 10.87,OK for Vaishnava stotras from SB
shuka-stuti,Shrimad Bhagavata Purana,high,Shrimad Bhagavata Purana,OK for Vaishnava stotras from SB
shukra-kavacham,Graha Stotra Sangraha,medium,Graha Stotra Sangraha,
shukra-sahasranama,Skanda Purana,high,Skanda Purana,OK
shukra-stotra,Skanda Purana,high,Skanda Purana,OK
shukra-stotram,Purana Tradition,medium,Purana Tradition,
shukravar-vrat-katha,Lakshmi Purana,medium,Lakshmi Purana,
shvetashvatara-upanishad-key-verses,Shvetashvatara Upanishad (Krishna Yajurveda),high,Shvetashvatara Upanishad (Krishna Yajurveda),OK Vedic
shyama-sundara-stotram,Garga Samhita,medium,Garga Samhita,
shyamala-dandakam,Kalidasa (attributed) / Tantra Shastra,medium,Kalidasa (attributed) / Tantra Shastra,
siddha-kunjika-stotram,Rudrayamala (Gauri Tantra),medium,Rudrayamala (Gauri Tantra),
siddhi-vinayak-stotram,Puranic Compilation,medium,Puranic Compilation,
siddhidatri-stotram,Traditional (Navdurga Stotras),medium,Traditional (Navdurga Stotras),
sita-ashtakam,Traditional Rama Literature,medium,Traditional Rama Literature,
sita-chalisa,Traditional Chalisa Sangrah,medium,Traditional Chalisa Sangrah,
sita-hridayam,Ananda Ramayana,medium,Ananda Ramayana,
sita-kavacham,Ananda Ramayana,medium,Ananda Ramayana,
sita-mangalashtakam,Ananda Ramayana,medium,Ananda Ramayana,
sita-ram-stuti,Traditional Sanskrit / Valmiki Ramayana / Ramcharitmanas,high,Traditional Sanskrit / Valmiki Ramayana / Ramcharitmanas,OK for Ramayana stotras
sita-sahasranama,Ananda Ramayana,medium,Ananda Ramayana,
sita-stotram,Valmiki Ramayana tradition,high,Valmiki Ramayana tradition,OK for Ramayana stotras
skanda-sashti-kavacham,Traditional Tamil-Sanskrit Hymn,medium,Traditional Tamil-Sanskrit Hymn,
skandamata-stotram,Traditional (Navdurga Stotras),medium,Traditional (Navdurga Stotras),
soma-suktam,Rigveda (Mandala 9),high,Rigveda (Mandala 9),OK Vedic
somnath-stotram,Shiva Purana,high,Shiva Purana,OK for Shiva stotras from Shiva Purana
somvar-vrat-katha,Shiva Purana,high,Shiva Purana,OK for Shiva stotras from Shiva Purana
soundarya-lahari-excerpt,Adi Shankaracharya,high,Adi Shankaracharya,OK for Shankara compositions
soundarya-lahari,Adi Shankaracharya,high,Adi Shankaracharya,OK for Shankara compositions
sri-rudram-namakam,Krishna Yajurveda - Taittiriya Samhita (4.5),high,Krishna Yajurveda - Taittiriya Samhita (4.5),OK Vedic
sri-stuti,Vedanta Deshika - Sri Stuti,medium,Vedanta Deshika - Sri Stuti,
sri-suktam,Rig Veda Khilani,medium,Rig Veda Khilani,
sri-venkatesha-mangalashasanam,Sri Vaishnava Sampradaya,medium,Sri Vaishnava Sampradaya,
sri-yantra-stotram,Sri Vidya Tantra Tradition,medium,Sri Vidya Tantra Tradition,
subhashita-ratnavali,Various Scriptures and Sanskrit Literature,medium,Various Scriptures and Sanskrit Literature,
subrahmanya-ashtakam,Traditional Sanskrit Hymn,medium,Traditional Sanskrit Hymn,
subrahmanya-bhujangam,Adi Shankaracharya,high,Adi Shankaracharya,OK for Shankara compositions
subrahmanya-gayatri,Traditional,low,"Traditional, precise source uncertain",Generic placeholder
subrahmanya-kavacham,Traditional,low,"Traditional, precise source uncertain",Generic placeholder
sudarshana-ashtakam,Vedanta Desika,medium,Vedanta Desika,
sundarkand-full-path,Tulsidas - Ramcharitmanas (Sundarkand),high,Tulsidas - Ramcharitmanas (Sundarkand),OK for Ramayana-based stotras
sundarkand-hanuman-stuti,Ramcharitmanas - Sundarkand by Goswami Tulsidas,medium,Ramcharitmanas - Sundarkand by Goswami Tulsidas,
surdas-pad-key-verses,Sur Sagar,medium,Sur Sagar,
surya-ashtakam,Traditional Sanskrit Hymn,medium,Traditional Sanskrit Hymn,
surya-ashtottara-shatanamavali,Surya Purana / Aditya Hridayam tradition,medium,Surya Purana / Aditya Hridayam tradition,
surya-chalisa,Traditional Hindu Prayer,medium,Traditional Hindu Prayer,
surya-dvadash-nama,Surya Upanishad / Ishavasya Upanishad,medium,Surya Upanishad / Ishavasya Upanishad,
surya-gayatri,Rig Veda,medium,Rig Veda,
surya-hridayam,Valmiki Ramayana (Yuddha Kanda),high,Valmiki Ramayana (Yuddha Kanda),OK for Ramayana stotras
surya-kavacham,Bhavishya Purana,medium,Bhavishya Purana,
surya-mandala-stotram,Upanishadic and Puranic Compilation,medium,Upanishadic and Puranic Compilation,
surya-mangalashtakam,Surya Purana,medium,Surya Purana,
surya-namaskar-mantra,Traditional Vedic Mantras,medium,Traditional Vedic Mantras,
surya-pancharatnam,Adi Shankaracharya,high,Adi Shankaracharya,OK for Shankara compositions
surya-sahasranama-dhyanam,Bhavishya Purana / Surya Sahasranama,medium,Bhavishya Purana / Surya Sahasranama,
surya-sahasranama-full,Bhavishyottara Purana,medium,Bhavishyottara Purana,
surya-stotram,Bhavishya Purana,medium,Bhavishya Purana,
suryopasana-stotram,Traditional,low,"Traditional, precise source uncertain",Generic placeholder
taittiriya-upanishad-shiksha-valli,Taittiriya Upanishad (Krishna Yajurveda),high,Taittiriya Upanishad (Krishna Yajurveda),OK Vedic
tara-kavacham,Tara Tantra,medium,Tara Tantra,
tara-stotram,Tantrasara,medium,Tantrasara,
tattva-bodha-key-verses,Tattva Bodha — Adi Shankaracharya,high,Tattva Bodha — Adi Shankaracharya,OK for Shankara compositions
thiruchendur-stotram,South Indian Tradition,medium,South Indian Tradition,
thiruppavai,Nalayira Divya Prabandham (Andal),medium,Nalayira Divya Prabandham (Andal),
tirupati-stotram,Venkatachala Mahatmya,medium,Venkatachala Mahatmya,
totakashtakam,Totakacharya (disciple of Adi Shankaracharya),high,Totakacharya (disciple of Adi Shankaracharya),OK for Shankara compositions
trayodash-shiv-naam,Shiva Purana,high,Shiva Purana,OK for Shiva stotras from Shiva Purana
trimbakeshwar-stotram,Shiva Purana,high,Shiva Purana,OK for Shiva stotras from Shiva Purana
tripura-sundari-ashtakam,Composed by Adi Shankaracharya,high,Composed by Adi Shankaracharya,OK for Shankara compositions
tripura-sundari-kavacham,Rudrayamala Tantra,medium,Rudrayamala Tantra,
tripura-sundari-pancharatnam,Lalita Sahasranama Tradition,medium,Lalita Sahasranama Tradition,
tripura-sundari-sahasranama,Brahmanda Purana,medium,Brahmanda Purana,
tripura-sundari-stotram,Brahmanda Purana,medium,Brahmanda Purana,
tripurantaka-stotram,Shiva Purana,high,Shiva Purana,OK for Shiva stotras from Shiva Purana
tukaram-abhanga-key-verses,Sant Tukaram - Tukaram Gatha,medium,Sant Tukaram - Tukaram Gatha,
tulsi-aarti,Traditional Aarti Sangrah,medium,Classical Parasari tradition,Aarti collections often compilations with uncertain individual provenance
tulsi-stotram,Padma Purana,high,Padma Purana,OK
tulsi-vivah-katha,Padma Purana,high,Padma Purana,OK
tulsi-vivah-stotram,Padma Purana,high,Padma Purana,OK
uddhava-gita-key-verses,Shrimad Bhagavata Purana (Skandha 11),high,Shrimad Bhagavata Purana (Skandha 11),OK for Vaishnava stotras from SB
ugra-narasimha-stotram,Traditional,low,"Traditional, precise source uncertain",Generic placeholder
uma-maheshwara-stotram,Traditional Sanskrit Hymn,medium,Traditional Sanskrit Hymn,
uma-stuti,Shiva Purana,high,Shiva Purana,OK for Shiva stotras from Shiva Purana
ushas-suktam,Rigveda (Mandala 1),high,Rigveda (Mandala 1),OK Vedic
vaibhava-lakshmi-vrat-katha,Traditional,low,"Traditional, precise source uncertain",Generic placeholder
vaidyanath-stotram,Shiva Purana,high,Shiva Purana,OK for Shiva stotras from Shiva Purana
vairagya-sandipani,Tulsidas - Vairagya Sandipani,medium,Tulsidas - Vairagya Sandipani,
vairagya-shatakam,Vairagya Shatakam by Bhartrihari (5th Century),medium,Vairagya Shatakam by Bhartrihari (5th Century),
vaishno-devi-aarti,Traditional,low,"Traditional, precise source uncertain",Generic placeholder
vaishno-devi-chalisa,Traditional,low,"Traditional, precise source uncertain",Generic placeholder
vakratunda-mahakaya,Various Puranic Sources / Traditional Compilation,medium,Various Puranic Sources / Traditional Compilation,
vallabhacharya-ashtakam,Pushti Marga / Vallabha Sampradaya,medium,Pushti Marga / Vallabha Sampradaya,
vamana-stotram,Vamana Purana,medium,Vamana Purana,
varaha-stotram,"Shrimad Bhagavata Purana, Canto 3",high,"Shrimad Bhagavata Purana, Canto 3",OK for Vaishnava stotras from SB
varalakshmi-stotram,Skanda Purana (Varalakshmi Vrat Katha),high,Skanda Purana (Varalakshmi Vrat Katha),OK
varuna-suktam,"Rigveda (Mandala 1, Sukta 24-25)",high,"Rigveda (Mandala 1, Sukta 24-25)",OK Vedic
vashikaran-nivaran-stotram,Tantra Shastra,medium,Tantra Shastra,
vastu-dosh-nivaran-mantra,Rigveda - Vastu Suktam and Traditional,high,Rigveda - Vastu Suktam and Traditional,OK Vedic
vastu-purusha-gayatri,Rigveda / Traditional,high,Rigveda / Traditional,OK Vedic
vastu-purusha-stotram,"Matsya Purana, Vastu Shastra",medium,"Matsya Purana, Vastu Shastra",
vastu-shanti-stotram,"Rigveda (7.54.1-3), Yajurveda",high,"Rigveda (7.54.1-3), Yajurveda",OK Vedic
vasudeva-ashtakam,Traditional Vaishnavite Stotra,medium,Traditional Vaishnavite Stotra,
vasudeva-stotram,Bhagavata Purana and Bhagavad Gita,high,Bhagavata Purana and Bhagavad Gita,OK for Vaishnava stotras from SB
vat-savitri-vrat-katha,Mahabharata - Vana Parva,high,Mahabharata - Vana Parva,OK
vayu-ashtakam,Vayu Purana / Taittiriya Upanishad,medium,Vayu Purana / Taittiriya Upanishad,
vayu-dwadash-nama,Rig Veda,medium,Rig Veda,
vayu-gayatri,Rig Veda,medium,Rig Veda,
vayu-kavacham,Vayu Purana,medium,Vayu Purana,
vayu-stotram,Vayu Purana,medium,Vayu Purana,
vayu-stuti,Vayu Stuti (Shri Madhvacharya),medium,Vayu Stuti (Shri Madhvacharya),
vayu-suktam,Rigveda (Mandala 1) / Taittiriya Upanishad,high,Rigveda (Mandala 1) / Taittiriya Upanishad,OK Vedic
vedasara-shiva-stotram,Composed by Adi Shankaracharya,high,Composed by Adi Shankaracharya,OK for Shankara compositions
venkatesha-prapatti,Shri Vaishnava Agama Tradition,medium,Shri Vaishnava Agama Tradition,
venkateswara-stotram,Traditional Vaishnavite Literature,medium,Traditional Vaishnavite Literature,
venkateswara-suprabhatam,Prativadi Bhayankaram Annangaracharya,medium,Prativadi Bhayankaram Annangaracharya,
venugeet,"Srimad Bhagavata Purana - Skanda 10, Chapter 21",high,"Srimad Bhagavata Purana - Skanda 10, Chapter 21",OK for Vaishnava stotras from SB
vidya-prapti-stotram,Saraswati Stotram - Traditional,medium,Saraswati Stotram - Traditional,
vinay-patrika-key-verses,Vinay Patrika - Goswami Tulsidas,medium,Vinay Patrika - Goswami Tulsidas,
vinayaka-chaturthi-vrat-katha,Traditional,low,"Traditional, precise source uncertain",Generic placeholder
vindhyavasini-stotram,Devi Bhagavata Purana,high,Devi Bhagavata Purana,OK for Devi stotras
vindyeshwari-chalisa,Traditional,low,"Traditional, precise source uncertain",Generic placeholder
virupaksha-stotram,Shiva Purana,high,Shiva Purana,OK for Shiva stotras from Shiva Purana
vishnu-aarti,Traditional Aarti Sangrah,medium,Classical Parasari tradition,Aarti collections often compilations with uncertain individual provenance
vishnu-ashtakam,Traditional Vaishnavite Literature,medium,Traditional Vaishnavite Literature,
vishnu-ashtottara-shatanamavali,Vishnu Purana,high,Vishnu Purana,OK
vishnu-bhujanga-stotram,Traditional Vaishnavite Literature,medium,Traditional Vaishnavite Literature,
vishnu-chalisa,Traditional Vishnu Devotional Literature,medium,Traditional Vishnu Devotional Literature,
vishnu-dhyanam,Vishnu Purana / Padma Purana,high,Vishnu Purana / Padma Purana,OK
vishnu-dwadash-nama,Padma Purana / Vishnu Purana,high,Padma Purana / Vishnu Purana,OK
vishnu-gayatri,Rig Veda / Vishnu Purana,high,Rig Veda / Vishnu Purana,OK
vishnu-hridayam,Narada Purana,medium,Narada Purana,
vishnu-kavacham,Vishnu Purana,high,Vishnu Purana,OK
vishnu-mangala-stotram,Vishnu Purana,high,Vishnu Purana,OK
vishnu-mangalashtakam,Vishnu Purana,high,Vishnu Purana,OK
vishnu-padadikeshanta-stotram,Vaishnavite Traditional Literature,medium,Vaishnavite Traditional Literature,
vishnu-pancharatnam,Adi Shankaracharya,high,Adi Shankaracharya,OK for Shankara compositions
vishnu-panjara-stotram,Narada Purana,medium,Narada Purana,
vishnu-sahasranama-dhyanam,Mahabharata,high,Mahabharata,OK
vishnu-sahasranama-phala-shruti,Mahabharata (Anushasana Parva),high,Mahabharata (Anushasana Parva),OK
vishnu-sahasranama,Mahabharata - Anushasana Parva,high,Mahabharata - Anushasana Parva,OK
vishnu-shodasha-nama,Brahmanda Purana,medium,Brahmanda Purana,
vishnu-shodashopachara-puja,Vaishnavite Agama Tradition,medium,Vaishnavite Agama Tradition,
vishnu-stotram,Vishnu Purana and Bhagavad Gita (Compilation),high,Vishnu Purana and Bhagavad Gita (Compilation),OK
vishnu-stuti,Shrimad Bhagavata Purana / Bhagavad Gita,high,Shrimad Bhagavata Purana / Bhagavad Gita,OK for Vaishnava stotras from SB
vishnu-suktam,"Rigveda (Mandala 1, Sukta 154)",high,"Rigveda (Mandala 1, Sukta 154)",OK Vedic
vishwakarma-aarti,Traditional Vishwakarma Bhakti Literature,medium,Traditional Vishwakarma Bhakti Literature,
vishwakarma-chalisa,Traditional Vishwakarma Bhakti Literature,medium,Traditional Vishwakarma Bhakti Literature,
vishwanatha-ashtakam,Adi Shankaracharya (attributed),high,Adi Shankaracharya (attributed),OK for Shankara compositions
vitthal-aarti,"Pandharpur Varkari Tradition (Jnanadeva, Tukaram, Namadeva)",medium,"Pandharpur Varkari Tradition (Jnanadeva, Tukaram, Namadeva)",
vitthal-ashtakam,Varkari Tradition,medium,Varkari Tradition,
vitthal-chalisa,Varkari Bhakti Tradition (Maharashtra),medium,Varkari Bhakti Tradition (Maharashtra),
vitthal-kavacham,Padma Purana / Varkari Tradition,high,Padma Purana / Varkari Tradition,OK
vitthal-sahasranama,Padma Purana / Varkari Tradition,high,Padma Purana / Varkari Tradition,OK
vitthal-stotram,Varkari Sant Paramapara,medium,Varkari Sant Paramapara,
vivaha-mantras,"Rig Veda, Grihya Sutras (Ashvalayana / Paraskara)",medium,"Rig Veda, Grihya Sutras (Ashvalayana / Paraskara)",
vivaha-panchami-stotram,Ramayana Tradition / Puranic Compilation,medium,Ramayana Tradition / Puranic Compilation,
vivaha-prapti-stotram,Devi Bhagavata Purana,high,Devi Bhagavata Purana,OK for Devi stotras
vivekachudamani-key-verses,Vivekachudamani — Adi Shankaracharya,high,Vivekachudamani — Adi Shankaracharya,OK for Shankara compositions
vrindavan-stuti,Gaudiya Vaishnava Tradition,medium,Gaudiya Vaishnava Tradition,
yamuna-stotram,Traditional Sanskrit Hymn,medium,Traditional Sanskrit Hymn,
yamunashtak,Shri Vallabhacharya (Pushti Marga),medium,Shri Vallabhacharya (Pushti Marga),
yoga-vasishtha-key-verses,Yoga Vasishtha,medium,Yoga Vasishtha,
